transaction_id,account_id,recipient_id,amount,currency,timestamp,channel,tx_type,device_fingerprint,ip_address,phone_number,session_id,geo_hash,merchant_id,entity_id,cluster_id,velocity_score,hop_count,risk_score,rule_flags,behavior_signature,status,str_generated,is_fraud
TXN_895EDEE43124,ACC_423,ACC_880,4018.19,INR,2026-03-28T10:27:17.480039+00:00,MOBILE,TRANSFER,DEV_DBC4532782CB,192.168.1.128,+916599380250,SES_DAEACED2,dr5ru,,ACC_423,,,,0.05,[],normal,PENDING,False,False
TXN_D5CED6E8F8C4,ACC_205,ACC_848,1944.03,INR,2026-03-28T10:27:17.480499+00:00,ATM,TRANSFER,DEV_8113B13AF8DF,192.168.1.54,+919863004736,SES_030C8A46,dr5rw,,ACC_205,,,,0.05,[],normal,PENDING,False,False
TXN_4E738BFC121C,ACC_146,ACC_942,4587.72,INR,2026-03-28T10:27:17.480592+00:00,WEB,TRANSFER,DEV_1A24538D7A82,192.168.1.203,+917120522572,SES_8A97024D,dr5ru,,ACC_146,,,,0.05,[],normal,PENDING,False,False
TXN_EFC9922F0B55,ACC_950,ACC_584,1136.05,INR,2026-03-28T10:27:17.480647+00:00,ATM,TRANSFER,DEV_6B1291B32BF3,192.168.1.162,+919238859157,SES_A9C9E30B,dr5rw,,ACC_950,,,,0.05,[],normal,PENDING,False,False
TXN_A94C8694E78D,ACC_236,ACC_304,290.37,INR,2026-03-28T10:27:17.480714+00:00,WEB,TRANSFER,DEV_B936D8CF714F,192.168.1.129,+918950341304,SES_E46F1489,dr5ru,,ACC_236,,,,0.05,[],normal,PENDING,False,False
TXN_CBC402283BD1,ACC_126,ACC_152,4352.12,INR,2026-03-28T10:27:17.480764+00:00,WEB,TRANSFER,DEV_1BF269F67610,192.168.1.106,+919145778962,SES_D3F8FAAD,dr5rw,,ACC_126,,,,0.05,[],normal,PENDING,False,False
TXN_ABCCA6FE55CD,ACC_711,ACC_165,541.79,INR,2026-03-28T10:27:17.480811+00:00,ATM,TRANSFER,DEV_A47C09B57435,192.168.1.40,+917348138002,SES_AD637BC3,dr5rw,,ACC_711,,,,0.05,[],normal,PENDING,False,False
TXN_F09FED73FE66,ACC_225,ACC_769,3967.01,INR,2026-03-28T10:27:17.480869+00:00,UPI,TRANSFER,DEV_BCB57E8652A5,192.168.1.8,+916354143529,SES_BA657BB2,dr5rw,,ACC_225,,,,0.05,[],normal,PENDING,False,False
TXN_0EEEB07486AA,ACC_471,ACC_325,977.46,INR,2026-03-28T10:27:17.480915+00:00,ATM,TRANSFER,DEV_ADADFB72C92B,192.168.1.193,+916017744155,SES_07121CCC,dr5rw,,ACC_471,,,,0.05,[],normal,PENDING,False,False
TXN_5B8A827DB355,ACC_667,ACC_522,4740.56,INR,2026-03-28T10:27:17.480959+00:00,UPI,TRANSFER,DEV_32AB0EE3F326,192.168.1.214,+916039782993,SES_07E4CA64,dr5ru,,ACC_667,,,,0.05,[],normal,PENDING,False,False
TXN_51E5150DFE35,ACC_624,ACC_833,229.42,INR,2026-03-28T10:27:17.481010+00:00,UPI,TRANSFER,DEV_64E4EF32C0FD,192.168.1.215,+917569059941,SES_DA5745AA,dr5rv,,ACC_624,,,,0.05,[],normal,PENDING,False,False
TXN_C58DD06BEC92,ACC_990,ACC_852,436.5,INR,2026-03-28T10:27:17.481072+00:00,WEB,TRANSFER,DEV_00A444A1DFD3,192.168.1.76,+917461348035,SES_9F1F2364,dr5rv,,ACC_990,,,,0.05,[],normal,PENDING,False,False
TXN_C0C3C10D34BD,ACC_660,ACC_380,1654.08,INR,2026-03-28T10:27:17.481269+00:00,UPI,TRANSFER,DEV_2CD0D3C588DE,192.168.1.74,+917896947492,SES_8466E004,dr5rw,,ACC_660,,,,0.05,[],normal,PENDING,False,False
TXN_80294FEFA1FD,ACC_970,ACC_970,1775.65,INR,2026-03-28T10:27:17.481376+00:00,ATM,TRANSFER,DEV_0422356C2CAC,192.168.1.245,+918832362358,SES_DFE33712,dr5rw,,ACC_970,,,,0.05,[],normal,PENDING,False,False
TXN_6BCD1D5E5092,ACC_335,ACC_468,3509.83,INR,2026-03-28T10:27:17.481439+00:00,WEB,TRANSFER,DEV_888B92E9EA20,192.168.1.20,+917715879841,SES_F4A7907A,dr5rw,,ACC_335,,,,0.05,[],normal,PENDING,False,False
TXN_5695CB34E7CD,ACC_337,ACC_677,1064.15,INR,2026-03-28T10:27:17.481485+00:00,MOBILE,TRANSFER,DEV_549B399AAB71,192.168.1.52,+919281947201,SES_D2932A2C,dr5rw,,ACC_337,,,,0.05,[],normal,PENDING,False,False
TXN_8DF474064EF8,ACC_220,ACC_984,4037.51,INR,2026-03-28T10:27:17.481539+00:00,ATM,TRANSFER,DEV_186B7A117679,192.168.1.204,+916917280814,SES_9FDC16D7,dr5ru,,ACC_220,,,,0.05,[],normal,PENDING,False,False
TXN_7C861E2B3BA9,ACC_523,ACC_868,4441.43,INR,2026-03-28T10:27:17.481600+00:00,WEB,TRANSFER,DEV_FDBB95C98B90,192.168.1.17,+917581029609,SES_F7389C68,dr5rv,,ACC_523,,,,0.05,[],normal,PENDING,False,False
TXN_21E78C159322,ACC_835,ACC_611,3539.55,INR,2026-03-28T10:27:17.481646+00:00,WEB,TRANSFER,DEV_6769A50F4D69,192.168.1.19,+917725606942,SES_1400B7B6,dr5rw,,ACC_835,,,,0.05,[],normal,PENDING,False,False
TXN_4A430D0196C8,ACC_219,ACC_309,1012.65,INR,2026-03-28T10:27:17.481692+00:00,MOBILE,TRANSFER,DEV_D3F1DFABB0AB,192.168.1.233,+917846530786,SES_6AA538B3,dr5ru,,ACC_219,,,,0.05,[],normal,PENDING,False,False
TXN_378A5BE0E91E,ACC_506,ACC_811,675.16,INR,2026-03-28T10:27:17.481739+00:00,UPI,TRANSFER,DEV_2AF7CB8E40F6,192.168.1.104,+917749967442,SES_5BD7CD07,dr5rv,,ACC_506,,,,0.05,[],normal,PENDING,False,False
TXN_2979186B937D,ACC_977,ACC_877,2547.43,INR,2026-03-28T10:27:17.481784+00:00,UPI,TRANSFER,DEV_BCCB97AFB9A4,192.168.1.158,+918509897302,SES_78EBB420,dr5ru,,ACC_977,,,,0.05,[],normal,PENDING,False,False
TXN_4A07DE35F2A5,ACC_143,ACC_502,2004.43,INR,2026-03-28T10:27:17.481828+00:00,ATM,TRANSFER,DEV_101E2FF88C9C,192.168.1.178,+917307437584,SES_F3096610,dr5ru,,ACC_143,,,,0.05,[],normal,PENDING,False,False
TXN_6E17DB889FD9,ACC_925,ACC_577,4673.17,INR,2026-03-28T10:27:17.481886+00:00,ATM,TRANSFER,DEV_FD8DA17E7B51,192.168.1.197,+919167048273,SES_9124F647,dr5rv,,ACC_925,,,,0.05,[],normal,PENDING,False,False
TXN_2E50165C7502,ACC_269,ACC_988,4441.58,INR,2026-03-28T10:27:17.481981+00:00,WEB,TRANSFER,DEV_37826EDF1B86,192.168.1.119,+917931687513,SES_66BCD5CF,dr5ru,,ACC_269,,,,0.05,[],normal,PENDING,False,False
TXN_01D284696577,ACC_740,ACC_794,764.34,INR,2026-03-28T10:27:17.482038+00:00,WEB,TRANSFER,DEV_1510437FBA29,192.168.1.156,+918799363870,SES_E9779088,dr5rw,,ACC_740,,,,0.05,[],normal,PENDING,False,False
TXN_D7B1BE4BF87C,ACC_973,ACC_463,4098.55,INR,2026-03-28T10:27:17.482085+00:00,WEB,TRANSFER,DEV_4DD584EE53A4,192.168.1.248,+916490727944,SES_FE1306D1,dr5rw,,ACC_973,,,,0.05,[],normal,PENDING,False,False
TXN_B90D4B41FBF3,ACC_339,ACC_884,2245.39,INR,2026-03-28T10:27:17.482131+00:00,ATM,TRANSFER,DEV_24548B7907CF,192.168.1.80,+919132977833,SES_DE4E7277,dr5rv,,ACC_339,,,,0.05,[],normal,PENDING,False,False
TXN_13C5176F3482,ACC_886,ACC_474,1753.37,INR,2026-03-28T10:27:17.482174+00:00,ATM,TRANSFER,DEV_2ACEBE2FE5A6,192.168.1.140,+918442381438,SES_6DEBE090,dr5rw,,ACC_886,,,,0.05,[],normal,PENDING,False,False
TXN_0E16BB6D0B17,ACC_554,ACC_355,4368.54,INR,2026-03-28T10:27:17.482217+00:00,UPI,TRANSFER,DEV_25C005F807F8,192.168.1.114,+916312907532,SES_9514AFEA,dr5rw,,ACC_554,,,,0.05,[],normal,PENDING,False,False
TXN_B9B7A8137B93,ACC_342,ACC_592,840.23,INR,2026-03-28T10:27:17.482258+00:00,ATM,TRANSFER,DEV_B8ED28CAA5C4,192.168.1.224,+918022406176,SES_D009B0FA,dr5ru,,ACC_342,,,,0.05,[],normal,PENDING,False,False
TXN_057E6E950258,ACC_591,ACC_856,2426.24,INR,2026-03-28T10:27:17.482316+00:00,UPI,TRANSFER,DEV_E13246299D60,192.168.1.96,+916875316349,SES_4A815216,dr5rw,,ACC_591,,,,0.05,[],normal,PENDING,False,False
TXN_9AEB0A494561,ACC_867,ACC_399,2953.77,INR,2026-03-28T10:27:17.482360+00:00,WEB,TRANSFER,DEV_57B90841338C,192.168.1.95,+918703407531,SES_D3C6E75A,dr5rv,,ACC_867,,,,0.05,[],normal,PENDING,False,False
TXN_104345B67080,ACC_341,ACC_347,1988.75,INR,2026-03-28T10:27:17.482419+00:00,UPI,TRANSFER,DEV_5FD4A276B429,192.168.1.209,+918467446831,SES_A69046CB,dr5rv,,ACC_341,,,,0.05,[],normal,PENDING,False,False
TXN_FA791A019D51,ACC_958,ACC_230,4249.98,INR,2026-03-28T10:27:17.482460+00:00,MOBILE,TRANSFER,DEV_748717A4CA7B,192.168.1.97,+919933550937,SES_EBDD925C,dr5rv,,ACC_958,,,,0.05,[],normal,PENDING,False,False
TXN_E874051431E6,ACC_425,ACC_902,1741.37,INR,2026-03-28T10:27:17.482513+00:00,UPI,TRANSFER,DEV_30A7E9DB481D,192.168.1.205,+918990250537,SES_B87BC6D4,dr5rw,,ACC_425,,,,0.05,[],normal,PENDING,False,False
TXN_68FC77529A9B,ACC_833,ACC_996,847.03,INR,2026-03-28T10:27:17.482558+00:00,WEB,TRANSFER,DEV_7B1FD581E7A6,192.168.1.228,+919365508600,SES_7F44AD14,dr5rv,,ACC_833,,,,0.05,[],normal,PENDING,False,False
TXN_477E8FC2212E,ACC_418,ACC_157,667.89,INR,2026-03-28T10:27:17.482601+00:00,ATM,TRANSFER,DEV_B00CF7772DC6,192.168.1.198,+916959362036,SES_81A5A95F,dr5ru,,ACC_418,,,,0.05,[],normal,PENDING,False,False
TXN_FE73A55541BF,ACC_862,ACC_548,150.84,INR,2026-03-28T10:27:17.482671+00:00,UPI,TRANSFER,DEV_002DB36A9047,192.168.1.227,+916540041411,SES_4BB1A64B,dr5rv,,ACC_862,,,,0.05,[],normal,PENDING,False,False
TXN_603F55D54A14,ACC_249,ACC_121,2404.17,INR,2026-03-28T10:27:17.482822+00:00,MOBILE,TRANSFER,DEV_8B1BE1E380BE,192.168.1.225,+918798170458,SES_98EA4E6F,dr5rv,,ACC_249,,,,0.05,[],normal,PENDING,False,False
TXN_4827C2E41431,ACC_678,ACC_559,4148.53,INR,2026-03-28T10:27:17.482885+00:00,WEB,TRANSFER,DEV_D6ABBCB421C5,192.168.1.61,+917868925131,SES_F10EF020,dr5rw,,ACC_678,,,,0.05,[],normal,PENDING,False,False
TXN_E8C9547A5329,ACC_701,ACC_235,4157.46,INR,2026-03-28T10:27:17.482930+00:00,WEB,TRANSFER,DEV_F40F1C323D21,192.168.1.1,+918133193410,SES_5C8A068A,dr5rv,,ACC_701,,,,0.05,[],normal,PENDING,False,False
TXN_842A1E14545E,ACC_733,ACC_407,4032.49,INR,2026-03-28T10:27:17.482974+00:00,WEB,TRANSFER,DEV_F5622F76DFA6,192.168.1.74,+916693353530,SES_843E70B2,dr5ru,,ACC_733,,,,0.05,[],normal,PENDING,False,False
TXN_ABB7F3E0FEA6,ACC_124,ACC_347,1918.17,INR,2026-03-28T10:27:17.483003+00:00,UPI,TRANSFER,DEV_F818ED36BC3F,192.168.1.200,+917199668426,SES_76FDBD01,dr5ru,,ACC_124,,,,0.05,[],normal,PENDING,False,False
TXN_6E65DC805757,ACC_519,ACC_257,2644.0,INR,2026-03-28T10:27:17.483030+00:00,WEB,TRANSFER,DEV_88478C0261C8,192.168.1.210,+918854018555,SES_F2566FCE,dr5rv,,ACC_519,,,,0.05,[],normal,PENDING,False,False
TXN_F18CD28840E8,ACC_867,ACC_615,3177.75,INR,2026-03-28T10:27:17.483064+00:00,ATM,TRANSFER,DEV_30C30C27BE02,192.168.1.3,+918812643789,SES_7490BC82,dr5rv,,ACC_867,,,,0.05,[],normal,PENDING,False,False
TXN_0E0C980D2CE2,ACC_808,ACC_383,4548.07,INR,2026-03-28T10:27:17.483104+00:00,ATM,TRANSFER,DEV_160B50C13EB9,192.168.1.227,+916450776096,SES_812F5FA0,dr5ru,,ACC_808,,,,0.05,[],normal,PENDING,False,False
TXN_5E0CB4229ED6,ACC_893,ACC_504,3620.34,INR,2026-03-28T10:27:17.483159+00:00,ATM,TRANSFER,DEV_8F29C4D44A22,192.168.1.180,+918914643107,SES_ED64817F,dr5rw,,ACC_893,,,,0.05,[],normal,PENDING,False,False
TXN_0B9AA343D364,ACC_127,ACC_331,949.63,INR,2026-03-28T10:27:17.483188+00:00,MOBILE,TRANSFER,DEV_5BA4DF59443B,192.168.1.199,+918348706751,SES_E88B305A,dr5rv,,ACC_127,,,,0.05,[],normal,PENDING,False,False
TXN_88DFCFE45E84,ACC_422,ACC_417,3840.48,INR,2026-03-28T10:27:17.483215+00:00,WEB,TRANSFER,DEV_A6B0D2B2A113,192.168.1.66,+919671119522,SES_254D6C78,dr5rw,,ACC_422,,,,0.05,[],normal,PENDING,False,False
TXN_F2ABEB4A44E9,ACC_879,ACC_582,1508.25,INR,2026-03-28T10:27:17.483242+00:00,MOBILE,TRANSFER,DEV_6F2B2D42E1D1,192.168.1.158,+917052392125,SES_44DF7C2D,dr5ru,,ACC_879,,,,0.05,[],normal,PENDING,False,False
TXN_2211C7D02185,ACC_509,ACC_948,217.67,INR,2026-03-28T10:27:17.483269+00:00,UPI,TRANSFER,DEV_DB011E290E5B,192.168.1.27,+916716736345,SES_98D6F30D,dr5rv,,ACC_509,,,,0.05,[],normal,PENDING,False,False
TXN_0B6A2455942A,ACC_156,ACC_303,1969.8,INR,2026-03-28T10:27:17.483303+00:00,WEB,TRANSFER,DEV_0F49456D085B,192.168.1.255,+917713545856,SES_7B562BC2,dr5rw,,ACC_156,,,,0.05,[],normal,PENDING,False,False
TXN_5C37E2E41784,ACC_470,ACC_861,4597.71,INR,2026-03-28T10:27:17.483334+00:00,WEB,TRANSFER,DEV_8BE73CD93699,192.168.1.179,+919656516789,SES_9EBE8A94,dr5ru,,ACC_470,,,,0.05,[],normal,PENDING,False,False
TXN_17C5C789D5D6,ACC_176,ACC_443,4357.23,INR,2026-03-28T10:27:17.483368+00:00,MOBILE,TRANSFER,DEV_D08311DFE716,192.168.1.151,+918647761995,SES_6AED0422,dr5rv,,ACC_176,,,,0.05,[],normal,PENDING,False,False
TXN_8883F3AF0CDE,ACC_565,ACC_145,357.74,INR,2026-03-28T10:27:17.483402+00:00,UPI,TRANSFER,DEV_5EB821CF8A41,192.168.1.24,+916230300614,SES_19FE5A3F,dr5ru,,ACC_565,,,,0.05,[],normal,PENDING,False,False
TXN_C91A1309D88E,ACC_883,ACC_522,4290.29,INR,2026-03-28T10:27:17.483456+00:00,MOBILE,TRANSFER,DEV_52C4CAF3ED1A,192.168.1.160,+918583371259,SES_3E09739A,dr5rv,,ACC_883,,,,0.05,[],normal,PENDING,False,False
TXN_C66AA9492919,ACC_554,ACC_529,435.19,INR,2026-03-28T10:27:17.483529+00:00,WEB,TRANSFER,DEV_4EA39A4F265C,192.168.1.73,+919893597735,SES_71D08A0C,dr5ru,,ACC_554,,,,0.05,[],normal,PENDING,False,False
TXN_E58D7AFB92DD,ACC_142,ACC_477,4111.94,INR,2026-03-28T10:27:17.483601+00:00,MOBILE,TRANSFER,DEV_16D302900C4B,192.168.1.169,+917204756185,SES_88F39A8D,dr5ru,,ACC_142,,,,0.05,[],normal,PENDING,False,False
TXN_C16FFF7D8C33,ACC_955,ACC_383,1480.91,INR,2026-03-28T10:27:17.483659+00:00,ATM,TRANSFER,DEV_994BB0166388,192.168.1.218,+919942026900,SES_7B648151,dr5ru,,ACC_955,,,,0.05,[],normal,PENDING,False,False
TXN_EDD78C197366,ACC_495,ACC_275,1274.09,INR,2026-03-28T10:27:17.483708+00:00,WEB,TRANSFER,DEV_0199A395C0E3,192.168.1.132,+917717123083,SES_925EB31B,dr5rw,,ACC_495,,,,0.05,[],normal,PENDING,False,False
TXN_B0F965C3C152,ACC_497,ACC_735,2634.3,INR,2026-03-28T10:27:17.483767+00:00,ATM,TRANSFER,DEV_83C5DAF88C82,192.168.1.134,+916507989894,SES_C1109D7D,dr5rw,,ACC_497,,,,0.05,[],normal,PENDING,False,False
TXN_895C61791037,ACC_208,ACC_612,4729.54,INR,2026-03-28T10:27:17.483815+00:00,ATM,TRANSFER,DEV_0B03381A869E,192.168.1.171,+918221226753,SES_5AD23112,dr5rv,,ACC_208,,,,0.05,[],normal,PENDING,False,False
TXN_A6F75603B4CA,ACC_981,ACC_952,1154.42,INR,2026-03-28T10:27:17.483854+00:00,UPI,TRANSFER,DEV_00C8DAAD245A,192.168.1.155,+916635497955,SES_F7A3F8E9,dr5rv,,ACC_981,,,,0.05,[],normal,PENDING,False,False
TXN_34116E50F5AE,ACC_156,ACC_843,1534.82,INR,2026-03-28T10:27:17.483882+00:00,MOBILE,TRANSFER,DEV_2929B8212A59,192.168.1.143,+918406548745,SES_31DDC163,dr5rw,,ACC_156,,,,0.05,[],normal,PENDING,False,False
TXN_C1FA36710172,ACC_343,ACC_380,2329.15,INR,2026-03-28T10:27:17.483909+00:00,UPI,TRANSFER,DEV_5FE4CD40E015,192.168.1.216,+917967775517,SES_A1005DFF,dr5rv,,ACC_343,,,,0.05,[],normal,PENDING,False,False
TXN_5CE38466E117,ACC_937,ACC_720,3008.88,INR,2026-03-28T10:27:17.483974+00:00,ATM,TRANSFER,DEV_7A4C9B4B2AFD,192.168.1.239,+918938563531,SES_738D106F,dr5rv,,ACC_937,,,,0.05,[],normal,PENDING,False,False
TXN_244D4FCFD16B,ACC_263,ACC_836,3651.41,INR,2026-03-28T10:27:17.484026+00:00,ATM,TRANSFER,DEV_1E1A09472974,192.168.1.30,+919587642592,SES_6D905E77,dr5ru,,ACC_263,,,,0.05,[],normal,PENDING,False,False
TXN_EA18040117E7,ACC_915,ACC_353,4387.57,INR,2026-03-28T10:27:17.484058+00:00,MOBILE,TRANSFER,DEV_76C53A11936B,192.168.1.76,+918139259134,SES_57001598,dr5rw,,ACC_915,,,,0.05,[],normal,PENDING,False,False
TXN_B80A8C244666,ACC_722,ACC_687,3112.25,INR,2026-03-28T10:27:17.484085+00:00,ATM,TRANSFER,DEV_8AD1215EBFD7,192.168.1.146,+916719412269,SES_187593B3,dr5rv,,ACC_722,,,,0.05,[],normal,PENDING,False,False
TXN_3081A95EEC8D,ACC_845,ACC_929,2384.58,INR,2026-03-28T10:27:17.484111+00:00,ATM,TRANSFER,DEV_210EECFAD856,192.168.1.243,+918997364960,SES_3E6D611C,dr5rw,,ACC_845,,,,0.05,[],normal,PENDING,False,False
TXN_F7FFA687C7DD,ACC_718,ACC_432,3037.94,INR,2026-03-28T10:27:17.484144+00:00,WEB,TRANSFER,DEV_10B1CB291CD5,192.168.1.141,+919088161994,SES_33260155,dr5rv,,ACC_718,,,,0.05,[],normal,PENDING,False,False
TXN_3215D8819598,ACC_354,ACC_378,3660.34,INR,2026-03-28T10:27:17.484172+00:00,MOBILE,TRANSFER,DEV_AE58D3E8ADDE,192.168.1.14,+918322660927,SES_DB13A4A5,dr5rv,,ACC_354,,,,0.05,[],normal,PENDING,False,False
TXN_E2E791D59A3F,ACC_973,ACC_687,3712.23,INR,2026-03-28T10:27:17.484205+00:00,MOBILE,TRANSFER,DEV_A066BFE85B2C,192.168.1.8,+916386966585,SES_276AE822,dr5rw,,ACC_973,,,,0.05,[],normal,PENDING,False,False
TXN_E59031C60EDA,ACC_322,ACC_605,510.42,INR,2026-03-28T10:27:17.484232+00:00,WEB,TRANSFER,DEV_EB2454A53B4F,192.168.1.1,+917313813092,SES_55819E85,dr5rw,,ACC_322,,,,0.05,[],normal,PENDING,False,False
TXN_FCF0B74E2B1A,ACC_182,ACC_751,4826.65,INR,2026-03-28T10:27:17.484259+00:00,UPI,TRANSFER,DEV_83B0DD08883E,192.168.1.7,+917782866519,SES_CCBE252B,dr5ru,,ACC_182,,,,0.05,[],normal,PENDING,False,False
TXN_BC1A53C97E15,ACC_926,ACC_655,1395.7,INR,2026-03-28T10:27:17.484285+00:00,WEB,TRANSFER,DEV_5DAA04A14CA2,192.168.1.232,+918400225575,SES_BF29FE7D,dr5rv,,ACC_926,,,,0.05,[],normal,PENDING,False,False
TXN_D0CD6B46388F,ACC_208,ACC_624,1642.97,INR,2026-03-28T10:27:17.484319+00:00,UPI,TRANSFER,DEV_4E26F187C220,192.168.1.218,+917808738300,SES_BF2DD151,dr5rw,,ACC_208,,,,0.05,[],normal,PENDING,False,False
TXN_021C6DB15A74,ACC_597,ACC_702,2891.27,INR,2026-03-28T10:27:17.484384+00:00,ATM,TRANSFER,DEV_022130CC4762,192.168.1.232,+917143343346,SES_9C26162D,dr5rw,,ACC_597,,,,0.05,[],normal,PENDING,False,False
TXN_A54326037152,ACC_446,ACC_244,1269.9,INR,2026-03-28T10:27:17.484420+00:00,UPI,TRANSFER,DEV_6F23C07A4DCE,192.168.1.223,+916834142988,SES_0D0D3E7D,dr5ru,,ACC_446,,,,0.05,[],normal,PENDING,False,False
TXN_CEB51C3A2A64,ACC_443,ACC_730,3388.63,INR,2026-03-28T10:27:17.484449+00:00,MOBILE,TRANSFER,DEV_5D2E332828E8,192.168.1.76,+917726792294,SES_F1DEB92A,dr5rw,,ACC_443,,,,0.05,[],normal,PENDING,False,False
TXN_7CF0FF67E858,ACC_878,ACC_834,2831.72,INR,2026-03-28T10:27:17.484476+00:00,ATM,TRANSFER,DEV_0324EEF28E0D,192.168.1.11,+917035302922,SES_9281381E,dr5rw,,ACC_878,,,,0.05,[],normal,PENDING,False,False
TXN_D35D9A2BAB2D,ACC_208,ACC_153,3665.58,INR,2026-03-28T10:27:17.484517+00:00,ATM,TRANSFER,DEV_E9292585F89E,192.168.1.192,+917251815594,SES_FFE1ED48,dr5rw,,ACC_208,,,,0.05,[],normal,PENDING,False,False
TXN_0CEEBA24F5B6,ACC_399,ACC_384,4508.9,INR,2026-03-28T10:27:17.484545+00:00,ATM,TRANSFER,DEV_E1E66A4BE671,192.168.1.108,+919414234582,SES_465B3DC8,dr5rv,,ACC_399,,,,0.05,[],normal,PENDING,False,False
TXN_26D96B1A81F4,ACC_768,ACC_456,1275.87,INR,2026-03-28T10:27:17.484571+00:00,ATM,TRANSFER,DEV_57E24279BAC7,192.168.1.254,+918100043594,SES_ADF55941,dr5rv,,ACC_768,,,,0.05,[],normal,PENDING,False,False
TXN_13AAF349C99C,ACC_678,ACC_188,4793.67,INR,2026-03-28T10:27:17.484596+00:00,UPI,TRANSFER,DEV_2C7CFEBDE207,192.168.1.184,+917202272623,SES_FF1D4AE8,dr5rw,,ACC_678,,,,0.05,[],normal,PENDING,False,False
TXN_46208376B775,ACC_718,ACC_331,1067.42,INR,2026-03-28T10:27:17.484622+00:00,UPI,TRANSFER,DEV_A033847A34E3,192.168.1.49,+916079384598,SES_4BF97CE4,dr5rv,,ACC_718,,,,0.05,[],normal,PENDING,False,False
TXN_2FDEA8E00040,ACC_103,ACC_388,1212.05,INR,2026-03-28T10:27:17.484689+00:00,UPI,TRANSFER,DEV_4C4B67465C94,192.168.1.189,+919146517834,SES_51E3E74A,dr5rv,,ACC_103,,,,0.05,[],normal,PENDING,False,False
TXN_9A23A53BFF89,ACC_456,ACC_331,1224.29,INR,2026-03-28T10:27:17.484721+00:00,ATM,TRANSFER,DEV_47FB4EFFD2C0,192.168.1.129,+918441878993,SES_91288419,dr5rw,,ACC_456,,,,0.05,[],normal,PENDING,False,False
TXN_9B8471BE90EB,ACC_297,ACC_880,4866.03,INR,2026-03-28T10:27:17.484748+00:00,MOBILE,TRANSFER,DEV_D591640CA1AB,192.168.1.23,+917382763316,SES_2192AC62,dr5rv,,ACC_297,,,,0.05,[],normal,PENDING,False,False
TXN_C8F1EE54D65A,ACC_751,ACC_200,279.48,INR,2026-03-28T10:27:17.484774+00:00,UPI,TRANSFER,DEV_931A2D427227,192.168.1.158,+917639257022,SES_5E8CA0A5,dr5rw,,ACC_751,,,,0.05,[],normal,PENDING,False,False
TXN_636571EB19C4,ACC_413,ACC_857,3535.25,INR,2026-03-28T10:27:17.484800+00:00,MOBILE,TRANSFER,DEV_9B0D1FF682E3,192.168.1.239,+916206955467,SES_098AD2CA,dr5ru,,ACC_413,,,,0.05,[],normal,PENDING,False,False
TXN_F5BCAFA548F6,ACC_517,ACC_610,1884.8,INR,2026-03-28T10:27:17.484851+00:00,WEB,TRANSFER,DEV_0CDC6237C2EB,192.168.1.146,+918652591046,SES_0F9DDC0A,dr5rw,,ACC_517,,,,0.05,[],normal,PENDING,False,False
TXN_0CBA06829BCE,ACC_889,ACC_569,1885.78,INR,2026-03-28T10:27:17.484886+00:00,WEB,TRANSFER,DEV_B36ADE200A2A,192.168.1.183,+916723916230,SES_4A5EFD49,dr5ru,,ACC_889,,,,0.05,[],normal,PENDING,False,False
TXN_C16E95C9DABF,ACC_860,ACC_882,667.47,INR,2026-03-28T10:27:17.484914+00:00,ATM,TRANSFER,DEV_E604593C40B0,192.168.1.106,+917591653469,SES_128AC605,dr5rw,,ACC_860,,,,0.05,[],normal,PENDING,False,False
TXN_37818C7EB4B1,ACC_885,ACC_803,3293.03,INR,2026-03-28T10:27:17.484946+00:00,WEB,TRANSFER,DEV_3ECA517CB54B,192.168.1.47,+919763294570,SES_2AD3E71F,dr5rw,,ACC_885,,,,0.05,[],normal,PENDING,False,False
TXN_63A3F52BE684,ACC_641,ACC_559,2281.19,INR,2026-03-28T10:27:17.484973+00:00,ATM,TRANSFER,DEV_52345925C7B1,192.168.1.2,+916322511257,SES_5F705885,dr5rw,,ACC_641,,,,0.05,[],normal,PENDING,False,False
TXN_835633C26714,ACC_124,ACC_842,1994.54,INR,2026-03-28T10:27:17.485006+00:00,WEB,TRANSFER,DEV_B86F034821A5,192.168.1.165,+919529940448,SES_42892141,dr5ru,,ACC_124,,,,0.05,[],normal,PENDING,False,False
TXN_BB84A1DBDB55,ACC_583,ACC_535,2827.12,INR,2026-03-28T10:27:17.485033+00:00,MOBILE,TRANSFER,DEV_4D35B351F15B,192.168.1.243,+918696056208,SES_279D7A0F,dr5ru,,ACC_583,,,,0.05,[],normal,PENDING,False,False
TXN_040939148862,ACC_355,ACC_217,1543.76,INR,2026-03-28T10:27:17.485061+00:00,UPI,TRANSFER,DEV_204525DF5BE2,192.168.1.249,+917897278554,SES_666E7081,dr5rw,,ACC_355,,,,0.05,[],normal,PENDING,False,False
TXN_1F49CC7B630E,ACC_866,ACC_894,2312.14,INR,2026-03-28T10:27:17.485087+00:00,WEB,TRANSFER,DEV_DBE16362E24F,192.168.1.141,+918309918410,SES_57C096D9,dr5rw,,ACC_866,,,,0.05,[],normal,PENDING,False,False
TXN_E1B2BDD727D4,ACC_663,ACC_260,4532.2,INR,2026-03-28T10:27:17.485112+00:00,UPI,TRANSFER,DEV_1A6885B907B9,192.168.1.189,+917404554572,SES_397EB794,dr5ru,,ACC_663,,,,0.05,[],normal,PENDING,False,False
TXN_DCA53E7EF433,ACC_880,ACC_727,3904.16,INR,2026-03-28T10:27:17.485349+00:00,UPI,TRANSFER,DEV_1CDB98CAAB82,192.168.1.36,+919260406053,SES_A240E59B,dr5ru,,ACC_880,,,,0.05,[],normal,PENDING,False,False
TXN_B8E335955EB9,ACC_848,ACC_266,4179.79,INR,2026-03-28T10:27:17.485420+00:00,UPI,TRANSFER,DEV_4B9DAB96AFDB,192.168.1.125,+917526731578,SES_47C89FE1,dr5rv,,ACC_848,,,,0.05,[],normal,PENDING,False,False
TXN_5D98B3020D07,ACC_421,ACC_926,2008.4,INR,2026-03-28T10:27:17.485453+00:00,MOBILE,TRANSFER,DEV_F8F223152A4C,192.168.1.44,+918807093447,SES_2A539A07,dr5ru,,ACC_421,,,,0.05,[],normal,PENDING,False,False
TXN_8F1AC16F6D88,ACC_653,ACC_537,4662.62,INR,2026-03-28T10:27:17.485482+00:00,MOBILE,TRANSFER,DEV_1706C0A38133,192.168.1.180,+919248600682,SES_E1ED071C,dr5ru,,ACC_653,,,,0.05,[],normal,PENDING,False,False
TXN_0FC1FD86ACA4,ACC_326,ACC_306,1841.56,INR,2026-03-28T10:27:17.485510+00:00,MOBILE,TRANSFER,DEV_70664B46A5AC,192.168.1.107,+919013143117,SES_58752B10,dr5rw,,ACC_326,,,,0.05,[],normal,PENDING,False,False
TXN_0E136D194DDF,ACC_337,ACC_682,2904.79,INR,2026-03-28T10:27:17.485558+00:00,UPI,TRANSFER,DEV_324DB459279C,192.168.1.200,+917120410638,SES_D416DE25,dr5ru,,ACC_337,,,,0.05,[],normal,PENDING,False,False
TXN_0315683C5B9A,ACC_720,ACC_530,2296.15,INR,2026-03-28T10:27:17.485588+00:00,ATM,TRANSFER,DEV_8ED61FD171CB,192.168.1.246,+919901378124,SES_FAF7E721,dr5rv,,ACC_720,,,,0.05,[],normal,PENDING,False,False
TXN_4777BFDBB2B3,ACC_277,ACC_783,634.87,INR,2026-03-28T10:27:17.485617+00:00,UPI,TRANSFER,DEV_B44E1984E616,192.168.1.216,+919305202182,SES_EA206C92,dr5rw,,ACC_277,,,,0.05,[],normal,PENDING,False,False
TXN_D612F0079F7C,ACC_142,ACC_827,1124.79,INR,2026-03-28T10:27:17.485682+00:00,MOBILE,TRANSFER,DEV_29FF148E8105,192.168.1.24,+918355821382,SES_A0F96AEB,dr5rw,,ACC_142,,,,0.05,[],normal,PENDING,False,False
TXN_610EBF15D413,ACC_852,ACC_944,692.87,INR,2026-03-28T10:27:17.485749+00:00,ATM,TRANSFER,DEV_A4CB74FCD6C9,192.168.1.63,+919975151059,SES_B94231D6,dr5rv,,ACC_852,,,,0.05,[],normal,PENDING,False,False
TXN_C74DA053EE5E,ACC_646,ACC_678,2615.59,INR,2026-03-28T10:27:17.485823+00:00,UPI,TRANSFER,DEV_496FE81B7993,192.168.1.82,+919072997140,SES_00E08F91,dr5rv,,ACC_646,,,,0.05,[],normal,PENDING,False,False
TXN_675DCD830B35,ACC_449,ACC_506,1007.49,INR,2026-03-28T10:27:17.485887+00:00,MOBILE,TRANSFER,DEV_F808B4423E74,192.168.1.126,+916822405691,SES_BF5726DB,dr5rv,,ACC_449,,,,0.05,[],normal,PENDING,False,False
TXN_6B186FF8A0F7,ACC_842,ACC_895,3254.37,INR,2026-03-28T10:27:17.485930+00:00,MOBILE,TRANSFER,DEV_9A5153D1B9D7,192.168.1.51,+919634802983,SES_4DF5D073,dr5rv,,ACC_842,,,,0.05,[],normal,PENDING,False,False
TXN_52A3E639B5FA,ACC_717,ACC_960,318.27,INR,2026-03-28T10:27:17.486664+00:00,MOBILE,TRANSFER,DEV_5589F483650D,192.168.1.56,+917699369211,SES_EAEBEECD,dr5rw,,ACC_717,,,,0.05,[],normal,PENDING,False,False
TXN_AA2C7943C8EB,ACC_382,ACC_395,2483.53,INR,2026-03-28T10:27:17.486717+00:00,UPI,TRANSFER,DEV_7F4F38658775,192.168.1.24,+916661251893,SES_9AD0A9E4,dr5rw,,ACC_382,,,,0.05,[],normal,PENDING,False,False
TXN_8A634FB0E433,ACC_170,ACC_987,4030.62,INR,2026-03-28T10:27:17.486761+00:00,UPI,TRANSFER,DEV_70A2383967D3,192.168.1.93,+916806435234,SES_A5CC6740,dr5ru,,ACC_170,,,,0.05,[],normal,PENDING,False,False
TXN_C791B4EF08C1,ACC_294,ACC_851,2921.97,INR,2026-03-28T10:27:17.486791+00:00,ATM,TRANSFER,DEV_5263BEE70495,192.168.1.105,+919132061225,SES_90FC0DBE,dr5rv,,ACC_294,,,,0.05,[],normal,PENDING,False,False
TXN_8524342E901F,ACC_873,ACC_987,1437.33,INR,2026-03-28T10:27:17.486882+00:00,ATM,TRANSFER,DEV_A781B66F4D38,192.168.1.33,+918559349833,SES_3806DC2B,dr5rv,,ACC_873,,,,0.05,[],normal,PENDING,False,False
TXN_FC1FF17C10B4,ACC_666,ACC_930,1395.71,INR,2026-03-28T10:27:17.486934+00:00,MOBILE,TRANSFER,DEV_8EACA6DB4E9A,192.168.1.92,+917131969814,SES_3991C2E8,dr5ru,,ACC_666,,,,0.05,[],normal,PENDING,False,False
TXN_DE0A5F1B0841,ACC_628,ACC_579,4014.0,INR,2026-03-28T10:27:17.486964+00:00,MOBILE,TRANSFER,DEV_21DAE65C8DDB,192.168.1.163,+919199131861,SES_22EF9204,dr5rw,,ACC_628,,,,0.05,[],normal,PENDING,False,False
TXN_5E1A3A95382E,ACC_295,ACC_144,3283.17,INR,2026-03-28T10:27:17.487009+00:00,WEB,TRANSFER,DEV_41411D02DF24,192.168.1.69,+919825409619,SES_677E3293,dr5rv,,ACC_295,,,,0.05,[],normal,PENDING,False,False
TXN_F45AE3F6971E,ACC_437,ACC_926,695.49,INR,2026-03-28T10:27:17.487038+00:00,ATM,TRANSFER,DEV_27FF1C4BDD1B,192.168.1.226,+916844464918,SES_119C1346,dr5rv,,ACC_437,,,,0.05,[],normal,PENDING,False,False
TXN_E021F9DC1034,ACC_461,ACC_490,1049.05,INR,2026-03-28T10:27:17.487066+00:00,UPI,TRANSFER,DEV_3C21633115B4,192.168.1.33,+918049765510,SES_CBB20DA7,dr5ru,,ACC_461,,,,0.05,[],normal,PENDING,False,False
TXN_16590380D49F,ACC_283,ACC_794,187.7,INR,2026-03-28T10:27:17.487093+00:00,UPI,TRANSFER,DEV_8485B06432AA,192.168.1.174,+918187254674,SES_841C01DB,dr5ru,,ACC_283,,,,0.05,[],normal,PENDING,False,False
TXN_07C16F63B8F5,ACC_673,ACC_974,2750.23,INR,2026-03-28T10:27:17.487121+00:00,ATM,TRANSFER,DEV_A1293CE20954,192.168.1.105,+916030223254,SES_365C88BA,dr5rw,,ACC_673,,,,0.05,[],normal,PENDING,False,False
TXN_4FAFA6FB3A21,ACC_623,ACC_858,4297.06,INR,2026-03-28T10:27:17.487154+00:00,ATM,TRANSFER,DEV_ADD05B9A0DE3,192.168.1.47,+916308827882,SES_33E93EED,dr5rv,,ACC_623,,,,0.05,[],normal,PENDING,False,False
TXN_1628B67D0691,ACC_678,ACC_293,3835.97,INR,2026-03-28T10:27:17.487188+00:00,ATM,TRANSFER,DEV_12FD4099CA0F,192.168.1.38,+919343612206,SES_825111A3,dr5rw,,ACC_678,,,,0.05,[],normal,PENDING,False,False
TXN_2EC37B3E5232,ACC_451,ACC_522,2462.91,INR,2026-03-28T10:27:17.487217+00:00,UPI,TRANSFER,DEV_6D1E969428F2,192.168.1.125,+918002394524,SES_ABA7B972,dr5rw,,ACC_451,,,,0.05,[],normal,PENDING,False,False
TXN_0B3CDE880892,ACC_797,ACC_335,2730.8,INR,2026-03-28T10:27:17.487259+00:00,MOBILE,TRANSFER,DEV_5D9DE2E243EC,192.168.1.74,+916108053373,SES_44829E41,dr5ru,,ACC_797,,,,0.05,[],normal,PENDING,False,False
TXN_893DF6066B18,ACC_727,ACC_195,3930.57,INR,2026-03-28T10:27:17.487293+00:00,WEB,TRANSFER,DEV_1824DD4219BB,192.168.1.20,+916783967878,SES_622D7450,dr5ru,,ACC_727,,,,0.05,[],normal,PENDING,False,False
TXN_755BB394A3E8,ACC_303,ACC_120,2612.67,INR,2026-03-28T10:27:17.487319+00:00,WEB,TRANSFER,DEV_EB04F658F554,192.168.1.213,+917317758313,SES_A527DA31,dr5rw,,ACC_303,,,,0.05,[],normal,PENDING,False,False
TXN_ECD565076122,ACC_399,ACC_156,700.36,INR,2026-03-28T10:27:17.487346+00:00,WEB,TRANSFER,DEV_494B8903F100,192.168.1.212,+917560280318,SES_D4A4E390,dr5rv,,ACC_399,,,,0.05,[],normal,PENDING,False,False
TXN_9256AA29737D,ACC_292,ACC_581,3588.14,INR,2026-03-28T10:27:17.487372+00:00,ATM,TRANSFER,DEV_66FB87825AE9,192.168.1.6,+919355689673,SES_1BF449C4,dr5rw,,ACC_292,,,,0.05,[],normal,PENDING,False,False
TXN_FDA318C343C6,ACC_148,ACC_782,3723.19,INR,2026-03-28T10:27:17.487407+00:00,ATM,TRANSFER,DEV_185BBFAC10EA,192.168.1.59,+919395880690,SES_AECC20AA,dr5rv,,ACC_148,,,,0.05,[],normal,PENDING,False,False
TXN_0DC9C61DF59B,ACC_563,ACC_247,3355.55,INR,2026-03-28T10:27:17.487435+00:00,ATM,TRANSFER,DEV_D791097EDFBB,192.168.1.111,+916918688060,SES_C0EF75EF,dr5ru,,ACC_563,,,,0.05,[],normal,PENDING,False,False
TXN_CD571D4DAD9B,ACC_412,ACC_165,1398.41,INR,2026-03-28T10:27:17.487474+00:00,MOBILE,TRANSFER,DEV_B66BBCD0D1CE,192.168.1.228,+918581172515,SES_C7329D8E,dr5rw,,ACC_412,,,,0.05,[],normal,PENDING,False,False
TXN_00E24CD172A0,ACC_668,ACC_861,4485.85,INR,2026-03-28T10:27:17.487518+00:00,WEB,TRANSFER,DEV_D51B926BEB02,192.168.1.129,+917404985900,SES_D58887E1,dr5ru,,ACC_668,,,,0.05,[],normal,PENDING,False,False
TXN_CF6F32847003,ACC_478,ACC_107,4582.14,INR,2026-03-28T10:27:17.487544+00:00,ATM,TRANSFER,DEV_E52A7BBF27C0,192.168.1.97,+918469466245,SES_3549D137,dr5rw,,ACC_478,,,,0.05,[],normal,PENDING,False,False
TXN_6F98FA7BBF41,ACC_423,ACC_197,3022.19,INR,2026-03-28T10:27:17.487570+00:00,WEB,TRANSFER,DEV_5985CF593693,192.168.1.29,+919613916227,SES_309BD111,dr5rw,,ACC_423,,,,0.05,[],normal,PENDING,False,False
TXN_66C9F810C143,ACC_592,ACC_199,404.32,INR,2026-03-28T10:27:17.487596+00:00,UPI,TRANSFER,DEV_466D02B52EE5,192.168.1.151,+918426233153,SES_23806E83,dr5rw,,ACC_592,,,,0.05,[],normal,PENDING,False,False
TXN_6A9BCF77DD14,ACC_691,ACC_146,3868.03,INR,2026-03-28T10:27:17.487629+00:00,MOBILE,TRANSFER,DEV_BABAE0F2175E,192.168.1.24,+917687593430,SES_6DA6CC7E,dr5rv,,ACC_691,,,,0.05,[],normal,PENDING,False,False
TXN_1E412AF0229D,ACC_356,ACC_671,1414.31,INR,2026-03-28T10:27:17.487656+00:00,ATM,TRANSFER,DEV_7AA03179D8E0,192.168.1.217,+919961477179,SES_CD0BAE8E,dr5rw,,ACC_356,,,,0.05,[],normal,PENDING,False,False
TXN_BC589DFBA9CE,ACC_417,ACC_977,4713.5,INR,2026-03-28T10:27:17.487690+00:00,MOBILE,TRANSFER,DEV_8CF18BE3318D,192.168.1.176,+918988757568,SES_18A33C65,dr5ru,,ACC_417,,,,0.05,[],normal,PENDING,False,False
TXN_C1C6C249B4FF,ACC_595,ACC_570,2896.33,INR,2026-03-28T10:27:17.487717+00:00,MOBILE,TRANSFER,DEV_8258FEBB16B8,192.168.1.97,+916437907380,SES_AFA7245F,dr5rw,,ACC_595,,,,0.05,[],normal,PENDING,False,False
TXN_E4E290A1D8F7,ACC_604,ACC_206,1569.08,INR,2026-03-28T10:27:17.487743+00:00,MOBILE,TRANSFER,DEV_567379E788EC,192.168.1.103,+916018107768,SES_0DE7E4A9,dr5ru,,ACC_604,,,,0.05,[],normal,PENDING,False,False
TXN_239893D0B8D2,ACC_260,ACC_897,839.59,INR,2026-03-28T10:27:17.487776+00:00,ATM,TRANSFER,DEV_D576809C3CC7,192.168.1.154,+916056219485,SES_97D723BD,dr5rw,,ACC_260,,,,0.05,[],normal,PENDING,False,False
TXN_C332F3990F5C,ACC_669,ACC_993,2453.61,INR,2026-03-28T10:27:17.487803+00:00,ATM,TRANSFER,DEV_026E270363FC,192.168.1.25,+919266722272,SES_D9CAEE02,dr5rw,,ACC_669,,,,0.05,[],normal,PENDING,False,False
TXN_7118993D0812,ACC_349,ACC_900,151.54,INR,2026-03-28T10:27:17.487877+00:00,ATM,TRANSFER,DEV_4E532E54A6CD,192.168.1.202,+919128148880,SES_9C6A62C4,dr5ru,,ACC_349,,,,0.05,[],normal,PENDING,False,False
TXN_2AF13E233D56,ACC_277,ACC_934,3036.04,INR,2026-03-28T10:27:17.487920+00:00,UPI,TRANSFER,DEV_13FCA07D714C,192.168.1.138,+919965472172,SES_93F0573A,dr5rw,,ACC_277,,,,0.05,[],normal,PENDING,False,False
TXN_41A10F1C61B5,ACC_376,ACC_427,114.49,INR,2026-03-28T10:27:17.487949+00:00,WEB,TRANSFER,DEV_9F58259B4459,192.168.1.172,+918647116855,SES_4BCD0134,dr5rw,,ACC_376,,,,0.05,[],normal,PENDING,False,False
TXN_EDE7B42826B0,ACC_285,ACC_304,786.85,INR,2026-03-28T10:27:17.488015+00:00,UPI,TRANSFER,DEV_8CEB084140B1,192.168.1.43,+919954153503,SES_A81340CA,dr5rw,,ACC_285,,,,0.05,[],normal,PENDING,False,False
TXN_57FBB5EF2933,ACC_797,ACC_857,3289.39,INR,2026-03-28T10:27:17.488045+00:00,UPI,TRANSFER,DEV_66BF091261CF,192.168.1.247,+916784152853,SES_E6B88AC6,dr5rv,,ACC_797,,,,0.05,[],normal,PENDING,False,False
TXN_AE4204D5A605,ACC_386,ACC_494,4685.41,INR,2026-03-28T10:27:17.488073+00:00,MOBILE,TRANSFER,DEV_6626AC846B3F,192.168.1.119,+918722963125,SES_5A8ACC11,dr5rw,,ACC_386,,,,0.05,[],normal,PENDING,False,False
TXN_3BCF869954E7,ACC_568,ACC_872,1900.46,INR,2026-03-28T10:27:17.488100+00:00,MOBILE,TRANSFER,DEV_7D513074C901,192.168.1.224,+918441709524,SES_60C421AE,dr5rv,,ACC_568,,,,0.05,[],normal,PENDING,False,False
TXN_9A537B94F45D,ACC_720,ACC_505,1381.95,INR,2026-03-28T10:27:17.488126+00:00,WEB,TRANSFER,DEV_CFE8A445A239,192.168.1.230,+917555196443,SES_A80333A7,dr5rw,,ACC_720,,,,0.05,[],normal,PENDING,False,False
TXN_5A42171FD643,ACC_378,ACC_865,4134.05,INR,2026-03-28T10:27:17.488160+00:00,ATM,TRANSFER,DEV_065CCA8AD0B7,192.168.1.223,+918111998589,SES_B1A75A8D,dr5ru,,ACC_378,,,,0.05,[],normal,PENDING,False,False
TXN_5EC34E95D6DE,ACC_359,ACC_626,1916.51,INR,2026-03-28T10:27:17.488188+00:00,MOBILE,TRANSFER,DEV_B5F015827E20,192.168.1.26,+918586718660,SES_AD017FBB,dr5ru,,ACC_359,,,,0.05,[],normal,PENDING,False,False
TXN_392713E8C8E7,ACC_110,ACC_580,2570.03,INR,2026-03-28T10:27:17.488215+00:00,WEB,TRANSFER,DEV_2E4ADDEC3CF4,192.168.1.125,+916339526342,SES_0C321669,dr5rv,,ACC_110,,,,0.05,[],normal,PENDING,False,False
TXN_C47ED5B8CBDD,ACC_496,ACC_776,1805.98,INR,2026-03-28T10:27:17.488255+00:00,MOBILE,TRANSFER,DEV_CC0318303A49,192.168.1.243,+917537056556,SES_207F90AE,dr5ru,,ACC_496,,,,0.05,[],normal,PENDING,False,False
TXN_D53FB96A4E14,ACC_896,ACC_487,3631.86,INR,2026-03-28T10:27:17.488283+00:00,WEB,TRANSFER,DEV_A263D98E40F3,192.168.1.183,+917926590376,SES_60A1E235,dr5rw,,ACC_896,,,,0.05,[],normal,PENDING,False,False
TXN_E0E332EA2238,ACC_779,ACC_204,1686.82,INR,2026-03-28T10:27:17.488316+00:00,ATM,TRANSFER,DEV_8E4A29C34ECE,192.168.1.6,+919077328853,SES_52FD6746,dr5rv,,ACC_779,,,,0.05,[],normal,PENDING,False,False
TXN_58BCC5CAD150,ACC_630,ACC_452,3424.45,INR,2026-03-28T10:27:17.488381+00:00,UPI,TRANSFER,DEV_0DF3864F8147,192.168.1.146,+917157574926,SES_68C5B677,dr5rw,,ACC_630,,,,0.05,[],normal,PENDING,False,False
TXN_C2753A19E632,ACC_113,ACC_540,3925.29,INR,2026-03-28T10:27:17.488411+00:00,MOBILE,TRANSFER,DEV_E29F5709E160,192.168.1.127,+919867612161,SES_81160BDD,dr5rw,,ACC_113,,,,0.05,[],normal,PENDING,False,False
TXN_A542A6E1DCEC,ACC_219,ACC_198,3287.15,INR,2026-03-28T10:27:17.488438+00:00,MOBILE,TRANSFER,DEV_84B6359B306E,192.168.1.229,+917653420509,SES_2E7FBA8F,dr5rw,,ACC_219,,,,0.05,[],normal,PENDING,False,False
TXN_1D080934C799,ACC_669,ACC_306,688.8,INR,2026-03-28T10:27:17.488465+00:00,ATM,TRANSFER,DEV_B2970BBC99D5,192.168.1.58,+917938771195,SES_FDA6C542,dr5ru,,ACC_669,,,,0.05,[],normal,PENDING,False,False
TXN_8119F882DB4E,ACC_626,ACC_482,2922.23,INR,2026-03-28T10:27:17.488498+00:00,ATM,TRANSFER,DEV_40BC95E84758,192.168.1.148,+917584773739,SES_37272F71,dr5rv,,ACC_626,,,,0.05,[],normal,PENDING,False,False
TXN_8D757C6F0EBA,ACC_409,ACC_828,1824.59,INR,2026-03-28T10:27:17.488546+00:00,UPI,TRANSFER,DEV_1FDAB6F51077,192.168.1.46,+918565809645,SES_37875C95,dr5rw,,ACC_409,,,,0.05,[],normal,PENDING,False,False
TXN_D8A3BE7B4576,ACC_518,ACC_567,2319.06,INR,2026-03-28T10:27:17.488573+00:00,MOBILE,TRANSFER,DEV_D9C5BFB34FE9,192.168.1.126,+917334240707,SES_BCA6CF0A,dr5rv,,ACC_518,,,,0.05,[],normal,PENDING,False,False
TXN_23837A5C3DFF,ACC_409,ACC_437,2714.5,INR,2026-03-28T10:27:17.488600+00:00,MOBILE,TRANSFER,DEV_6994C4F1F474,192.168.1.43,+918174186462,SES_A39EF087,dr5rv,,ACC_409,,,,0.05,[],normal,PENDING,False,False
TXN_77275B29BEB2,ACC_416,ACC_430,4215.23,INR,2026-03-28T10:27:17.488626+00:00,MOBILE,TRANSFER,DEV_A470402DC057,192.168.1.222,+919690082659,SES_6A21F709,dr5rv,,ACC_416,,,,0.05,[],normal,PENDING,False,False
TXN_E2C00A704E68,ACC_721,ACC_284,3123.04,INR,2026-03-28T10:27:17.488665+00:00,WEB,TRANSFER,DEV_7687E3AD0115,192.168.1.42,+919201992183,SES_6481891D,dr5ru,,ACC_721,,,,0.05,[],normal,PENDING,False,False
TXN_21624A4F5569,ACC_473,ACC_326,4116.97,INR,2026-03-28T10:27:17.488693+00:00,MOBILE,TRANSFER,DEV_6ECFC071E2B1,192.168.1.219,+916969210527,SES_BE1F5422,dr5rw,,ACC_473,,,,0.05,[],normal,PENDING,False,False
TXN_A94BADFC2D43,ACC_373,ACC_356,2140.21,INR,2026-03-28T10:27:17.488720+00:00,ATM,TRANSFER,DEV_5A7D753601FC,192.168.1.49,+916493967564,SES_F034326D,dr5rv,,ACC_373,,,,0.05,[],normal,PENDING,False,False
TXN_6CFE00137643,ACC_350,ACC_109,679.74,INR,2026-03-28T10:27:17.488746+00:00,UPI,TRANSFER,DEV_6317D57C1E82,192.168.1.132,+916722202561,SES_7CAD81D5,dr5rv,,ACC_350,,,,0.05,[],normal,PENDING,False,False
TXN_6D17837A2061,ACC_275,ACC_198,1633.98,INR,2026-03-28T10:27:17.488781+00:00,MOBILE,TRANSFER,DEV_F60E4172E707,192.168.1.254,+917934667260,SES_6C00D7B8,dr5ru,,ACC_275,,,,0.05,[],normal,PENDING,False,False
TXN_EFDD48D0A72C,ACC_344,ACC_168,3342.37,INR,2026-03-28T10:27:17.488814+00:00,ATM,TRANSFER,DEV_3A432B1BE6F8,192.168.1.246,+918856931156,SES_2F4CEE50,dr5rw,,ACC_344,,,,0.05,[],normal,PENDING,False,False
TXN_BE95FF825A98,ACC_330,ACC_401,3574.83,INR,2026-03-28T10:27:17.488883+00:00,ATM,TRANSFER,DEV_AD5EABA2DC73,192.168.1.157,+916543535010,SES_C9C7863D,dr5rw,,ACC_330,,,,0.05,[],normal,PENDING,False,False
TXN_F121D5EBB8EE,ACC_340,ACC_936,1145.85,INR,2026-03-28T10:27:17.488918+00:00,ATM,TRANSFER,DEV_9A9D7188F3A6,192.168.1.228,+917017205876,SES_6A549072,dr5ru,,ACC_340,,,,0.05,[],normal,PENDING,False,False
TXN_66F47BA412D2,ACC_280,ACC_705,4164.2,INR,2026-03-28T10:27:17.488947+00:00,WEB,TRANSFER,DEV_8523D1D43198,192.168.1.50,+917894700104,SES_8469C0E0,dr5rv,,ACC_280,,,,0.05,[],normal,PENDING,False,False
TXN_98647F665058,ACC_203,ACC_434,576.96,INR,2026-03-28T10:27:17.488974+00:00,WEB,TRANSFER,DEV_598504F8E6F1,192.168.1.160,+916171585701,SES_5945BFAD,dr5ru,,ACC_203,,,,0.05,[],normal,PENDING,False,False
TXN_E52D8B7C97AF,ACC_375,ACC_509,1126.64,INR,2026-03-28T10:27:17.489016+00:00,WEB,TRANSFER,DEV_5207223A31D6,192.168.1.226,+919219717312,SES_7C3CCA37,dr5rw,,ACC_375,,,,0.05,[],normal,PENDING,False,False
TXN_3333822340F2,ACC_688,ACC_310,3090.38,INR,2026-03-28T10:27:17.489043+00:00,ATM,TRANSFER,DEV_441F546BB1F9,192.168.1.112,+916237647360,SES_388CED3E,dr5rv,,ACC_688,,,,0.05,[],normal,PENDING,False,False
TXN_6B158D01D3A2,ACC_489,ACC_708,4479.96,INR,2026-03-28T10:27:17.489076+00:00,MOBILE,TRANSFER,DEV_090E5F9918FF,192.168.1.4,+918603902643,SES_FAD56B73,dr5rv,,ACC_489,,,,0.05,[],normal,PENDING,False,False
TXN_02AE1A7B19D5,ACC_278,ACC_948,3445.75,INR,2026-03-28T10:27:17.489104+00:00,UPI,TRANSFER,DEV_AD1EA7FBE312,192.168.1.227,+918080920532,SES_FDE595D8,dr5ru,,ACC_278,,,,0.05,[],normal,PENDING,False,False
TXN_F7EF157C8B13,ACC_992,ACC_822,4865.81,INR,2026-03-28T10:27:17.489229+00:00,MOBILE,TRANSFER,DEV_282BD6701067,192.168.1.175,+917697720327,SES_4A869CF1,dr5rw,,ACC_992,,,,0.05,[],normal,PENDING,False,False
TXN_28098FF7ACBD,ACC_411,ACC_356,2277.84,INR,2026-03-28T10:27:17.489301+00:00,ATM,TRANSFER,DEV_974FD6D5562E,192.168.1.175,+918197046865,SES_4322C590,dr5rw,,ACC_411,,,,0.05,[],normal,PENDING,False,False
TXN_E32926CA7398,ACC_471,ACC_708,915.21,INR,2026-03-28T10:27:17.489335+00:00,WEB,TRANSFER,DEV_7786B46716CC,192.168.1.224,+919715315303,SES_344DB529,dr5rw,,ACC_471,,,,0.05,[],normal,PENDING,False,False
TXN_981E7DCEFF2F,ACC_348,ACC_821,3162.3,INR,2026-03-28T10:27:17.489365+00:00,ATM,TRANSFER,DEV_C1222C8E0B9B,192.168.1.79,+919326524038,SES_8B705DFD,dr5rw,,ACC_348,,,,0.05,[],normal,PENDING,False,False
TXN_13AF27989AC9,ACC_735,ACC_787,3519.26,INR,2026-03-28T10:27:17.489391+00:00,WEB,TRANSFER,DEV_D874A6174089,192.168.1.101,+918680979534,SES_27B7ECC0,dr5ru,,ACC_735,,,,0.05,[],normal,PENDING,False,False
TXN_C42B4D31D750,ACC_644,ACC_568,4883.06,INR,2026-03-28T10:27:17.489418+00:00,WEB,TRANSFER,DEV_DBCB21E51EB7,192.168.1.180,+916506932401,SES_CF46EF48,dr5rv,,ACC_644,,,,0.05,[],normal,PENDING,False,False
TXN_443D238E0A44,ACC_213,ACC_568,3195.61,INR,2026-03-28T10:27:17.489459+00:00,ATM,TRANSFER,DEV_1D6048CDA71C,192.168.1.27,+916580269285,SES_22C1BB85,dr5rv,,ACC_213,,,,0.05,[],normal,PENDING,False,False
TXN_FB88F3221CA3,ACC_499,ACC_996,2567.63,INR,2026-03-28T10:27:17.489486+00:00,ATM,TRANSFER,DEV_B0CEE182DFB5,192.168.1.59,+919018890328,SES_F15F3530,dr5rw,,ACC_499,,,,0.05,[],normal,PENDING,False,False
TXN_6F8B702844E7,ACC_146,ACC_275,3641.28,INR,2026-03-28T10:27:17.489512+00:00,UPI,TRANSFER,DEV_8D0747B05426,192.168.1.226,+918324861474,SES_5CC1096B,dr5ru,,ACC_146,,,,0.05,[],normal,PENDING,False,False
TXN_15F1BFACFAC5,ACC_537,ACC_122,697.52,INR,2026-03-28T10:27:17.489546+00:00,ATM,TRANSFER,DEV_735BAB125373,192.168.1.102,+918556157718,SES_F5AEA78A,dr5rv,,ACC_537,,,,0.05,[],normal,PENDING,False,False
TXN_037B78535BD1,ACC_266,ACC_947,2710.25,INR,2026-03-28T10:27:17.489574+00:00,MOBILE,TRANSFER,DEV_DA70764A06D5,192.168.1.51,+917559886844,SES_F03A4F63,dr5rw,,ACC_266,,,,0.05,[],normal,PENDING,False,False
TXN_7A11DE3E4DD9,ACC_479,ACC_555,4854.4,INR,2026-03-28T10:27:17.489608+00:00,MOBILE,TRANSFER,DEV_A33D68EC074B,192.168.1.134,+918153722233,SES_3223496C,dr5rv,,ACC_479,,,,0.05,[],normal,PENDING,False,False
TXN_D9BBA113F2F3,ACC_814,ACC_206,4669.42,INR,2026-03-28T10:27:17.489651+00:00,UPI,TRANSFER,DEV_A1664253DA9F,192.168.1.249,+918752398447,SES_508C45AE,dr5rv,,ACC_814,,,,0.05,[],normal,PENDING,False,False
TXN_66AE6B4F516B,ACC_479,ACC_971,687.06,INR,2026-03-28T10:27:17.489684+00:00,WEB,TRANSFER,DEV_68A862B8C281,192.168.1.222,+919605342420,SES_3C9C6671,dr5rv,,ACC_479,,,,0.05,[],normal,PENDING,False,False
TXN_C18AA99FC2D0,ACC_842,ACC_376,2397.15,INR,2026-03-28T10:27:17.489717+00:00,WEB,TRANSFER,DEV_9860602B50C2,192.168.1.175,+919323597481,SES_2C45763B,dr5ru,,ACC_842,,,,0.05,[],normal,PENDING,False,False
TXN_53553D14A510,ACC_225,ACC_342,4958.12,INR,2026-03-28T10:27:17.489751+00:00,WEB,TRANSFER,DEV_8CE295F6EB3B,192.168.1.200,+919617118817,SES_7DD93613,dr5ru,,ACC_225,,,,0.05,[],normal,PENDING,False,False
TXN_7D7AB7F5DA64,ACC_548,ACC_530,4036.83,INR,2026-03-28T10:27:17.489778+00:00,MOBILE,TRANSFER,DEV_53948646A553,192.168.1.100,+919231553655,SES_AA2A1B07,dr5ru,,ACC_548,,,,0.05,[],normal,PENDING,False,False
TXN_9CBF02D157BB,ACC_839,ACC_985,3310.52,INR,2026-03-28T10:27:17.489805+00:00,ATM,TRANSFER,DEV_EE1353FD28FD,192.168.1.186,+916758351484,SES_44AD7CA2,dr5rv,,ACC_839,,,,0.05,[],normal,PENDING,False,False
TXN_FA8EE66C4571,ACC_807,ACC_884,1211.66,INR,2026-03-28T10:27:17.489868+00:00,WEB,TRANSFER,DEV_DD885104661D,192.168.1.44,+919796321866,SES_B059B1ED,dr5rw,,ACC_807,,,,0.05,[],normal,PENDING,False,False
TXN_820450EEA920,ACC_125,ACC_875,3770.31,INR,2026-03-28T10:27:17.489927+00:00,ATM,TRANSFER,DEV_1F301224C419,192.168.1.216,+916251271103,SES_6A11A360,dr5ru,,ACC_125,,,,0.05,[],normal,PENDING,False,False
TXN_ABC4D9D7D936,ACC_240,ACC_915,586.53,INR,2026-03-28T10:27:17.489959+00:00,ATM,TRANSFER,DEV_D2C8B7DDC915,192.168.1.20,+916586669065,SES_77EE5502,dr5rv,,ACC_240,,,,0.05,[],normal,PENDING,False,False
TXN_134DFDA2D4D6,ACC_522,ACC_142,2724.08,INR,2026-03-28T10:27:17.489986+00:00,WEB,TRANSFER,DEV_8A3C1E655085,192.168.1.107,+917282569701,SES_F1B228A3,dr5rw,,ACC_522,,,,0.05,[],normal,PENDING,False,False
TXN_3A4ABFDBA47D,ACC_653,ACC_503,1167.85,INR,2026-03-28T10:27:17.490021+00:00,ATM,TRANSFER,DEV_DA8D9691A2D1,192.168.1.66,+916823016597,SES_F6DAFE95,dr5ru,,ACC_653,,,,0.05,[],normal,PENDING,False,False
TXN_4D2A83611680,ACC_454,ACC_838,3721.52,INR,2026-03-28T10:27:17.490057+00:00,MOBILE,TRANSFER,DEV_A28D1AB51601,192.168.1.36,+919859861206,SES_A2F682B4,dr5rv,,ACC_454,,,,0.05,[],normal,PENDING,False,False
TXN_61D63CDDBD20,ACC_282,ACC_849,783.06,INR,2026-03-28T10:27:17.490085+00:00,ATM,TRANSFER,DEV_42477E920F60,192.168.1.210,+917548629740,SES_36A7A27A,dr5rw,,ACC_282,,,,0.05,[],normal,PENDING,False,False
TXN_0777D5FC89A1,ACC_270,ACC_883,682.88,INR,2026-03-28T10:27:17.490119+00:00,WEB,TRANSFER,DEV_456C8B45691F,192.168.1.22,+918223365826,SES_247D1EEB,dr5rv,,ACC_270,,,,0.05,[],normal,PENDING,False,False
TXN_53910BC19E04,ACC_399,ACC_802,3576.26,INR,2026-03-28T10:27:17.490171+00:00,WEB,TRANSFER,DEV_4B156DF46203,192.168.1.205,+917913499456,SES_7908FBD5,dr5rv,,ACC_399,,,,0.05,[],normal,PENDING,False,False
TXN_E5B0EE737F0D,ACC_547,ACC_155,1322.4,INR,2026-03-28T10:27:17.490204+00:00,WEB,TRANSFER,DEV_89FEB4D4D671,192.168.1.29,+916021421327,SES_632A04D9,dr5ru,,ACC_547,,,,0.05,[],normal,PENDING,False,False
TXN_25DFA53BBC96,ACC_985,ACC_712,772.95,INR,2026-03-28T10:27:17.490231+00:00,UPI,TRANSFER,DEV_86AFB204F43C,192.168.1.56,+917730623672,SES_E97B9E61,dr5rv,,ACC_985,,,,0.05,[],normal,PENDING,False,False
TXN_705250571ADB,ACC_110,ACC_820,4938.17,INR,2026-03-28T10:27:17.490257+00:00,UPI,TRANSFER,DEV_FEF05C773C1B,192.168.1.235,+918957022332,SES_F830A8B2,dr5rv,,ACC_110,,,,0.05,[],normal,PENDING,False,False
TXN_1446974AE709,ACC_668,ACC_193,4069.82,INR,2026-03-28T10:27:17.490283+00:00,WEB,TRANSFER,DEV_0CC94EBD47A4,192.168.1.95,+919281981699,SES_8120DD5C,dr5rv,,ACC_668,,,,0.05,[],normal,PENDING,False,False
TXN_7A5A53F98B5D,ACC_226,ACC_671,2610.87,INR,2026-03-28T10:27:17.490316+00:00,MOBILE,TRANSFER,DEV_99C28FA476C3,192.168.1.213,+917771386126,SES_3EDCB66D,dr5rw,,ACC_226,,,,0.05,[],normal,PENDING,False,False
TXN_F80A514B9F1E,ACC_949,ACC_698,2686.58,INR,2026-03-28T10:27:17.490369+00:00,MOBILE,TRANSFER,DEV_470EBE694D19,192.168.1.224,+919883535940,SES_9DDEB8F2,dr5rw,,ACC_949,,,,0.05,[],normal,PENDING,False,False
TXN_FA80DF7E09A5,ACC_850,ACC_424,4450.39,INR,2026-03-28T10:27:17.490399+00:00,ATM,TRANSFER,DEV_1D6256537BCD,192.168.1.104,+918924646479,SES_38F6B37F,dr5rv,,ACC_850,,,,0.05,[],normal,PENDING,False,False
TXN_A5596E24ECFF,ACC_376,ACC_614,2205.77,INR,2026-03-28T10:27:17.490425+00:00,ATM,TRANSFER,DEV_0EAC9EABF9F7,192.168.1.224,+918773812172,SES_E23536FA,dr5rw,,ACC_376,,,,0.05,[],normal,PENDING,False,False
TXN_5E519A4DA0FD,ACC_325,ACC_428,887.59,INR,2026-03-28T10:27:17.490451+00:00,UPI,TRANSFER,DEV_7EBCCC2180ED,192.168.1.108,+917165900550,SES_3876FDC2,dr5rw,,ACC_325,,,,0.05,[],normal,PENDING,False,False
TXN_FC8800753AC2,ACC_605,ACC_737,1534.9,INR,2026-03-28T10:27:17.490476+00:00,ATM,TRANSFER,DEV_B6E61CABF90C,192.168.1.29,+917026723363,SES_2AE4BC0C,dr5rv,,ACC_605,,,,0.05,[],normal,PENDING,False,False
TXN_2975E7344CA4,ACC_522,ACC_401,846.7,INR,2026-03-28T10:27:17.490508+00:00,WEB,TRANSFER,DEV_1E1679EBCBA7,192.168.1.2,+916905768276,SES_E8350C6E,dr5ru,,ACC_522,,,,0.05,[],normal,PENDING,False,False
TXN_DC164F9521FA,ACC_390,ACC_115,3713.66,INR,2026-03-28T10:27:17.490535+00:00,UPI,TRANSFER,DEV_8E514D71B77F,192.168.1.144,+919204932983,SES_6F54379F,dr5rv,,ACC_390,,,,0.05,[],normal,PENDING,False,False
TXN_0C33D495C415,ACC_222,ACC_275,331.17,INR,2026-03-28T10:27:17.490568+00:00,UPI,TRANSFER,DEV_2D6B8FBF3450,192.168.1.109,+918227915562,SES_12131C8C,dr5ru,,ACC_222,,,,0.05,[],normal,PENDING,False,False
TXN_D9A82C21CF69,ACC_831,ACC_241,2967.26,INR,2026-03-28T10:27:17.490594+00:00,MOBILE,TRANSFER,DEV_A886FCCB702B,192.168.1.9,+918555043359,SES_4AEF9C84,dr5rw,,ACC_831,,,,0.05,[],normal,PENDING,False,False
TXN_2DA17616FD22,ACC_187,ACC_775,3930.79,INR,2026-03-28T10:27:17.490620+00:00,WEB,TRANSFER,DEV_57639911ED92,192.168.1.40,+916355954881,SES_A93D7B9C,dr5rv,,ACC_187,,,,0.05,[],normal,PENDING,False,False
TXN_E4A765D8D446,ACC_732,ACC_631,2720.29,INR,2026-03-28T10:27:17.490653+00:00,UPI,TRANSFER,DEV_CCABED7BF9A2,192.168.1.129,+919040549585,SES_8176D505,dr5rv,,ACC_732,,,,0.05,[],normal,PENDING,False,False
TXN_B9C0036D238B,ACC_534,ACC_368,2193.61,INR,2026-03-28T10:27:17.490680+00:00,WEB,TRANSFER,DEV_544E3CFACEE5,192.168.1.56,+917744630816,SES_941C7F20,dr5ru,,ACC_534,,,,0.05,[],normal,PENDING,False,False
TXN_52989611952F,ACC_303,ACC_273,1077.73,INR,2026-03-28T10:27:17.490707+00:00,WEB,TRANSFER,DEV_8F4D533739EE,192.168.1.101,+917701597846,SES_3DE3F0BA,dr5rv,,ACC_303,,,,0.05,[],normal,PENDING,False,False
TXN_93A9F841BF15,ACC_292,ACC_976,2353.65,INR,2026-03-28T10:27:17.490751+00:00,UPI,TRANSFER,DEV_86EA82EA6DA9,192.168.1.112,+916505691918,SES_9070CF67,dr5rv,,ACC_292,,,,0.05,[],normal,PENDING,False,False
TXN_A9019823396B,ACC_489,ACC_632,2175.19,INR,2026-03-28T10:27:17.490777+00:00,WEB,TRANSFER,DEV_46FCDBD5D554,192.168.1.103,+917802897882,SES_0FFBAB86,dr5ru,,ACC_489,,,,0.05,[],normal,PENDING,False,False
TXN_4F435E4349EE,ACC_984,ACC_572,4663.38,INR,2026-03-28T10:27:17.490816+00:00,UPI,TRANSFER,DEV_5171CDDFF73E,192.168.1.17,+916530833749,SES_5FD4CD6E,dr5ru,,ACC_984,,,,0.05,[],normal,PENDING,False,False
TXN_28B43B75FC54,ACC_898,ACC_550,467.16,INR,2026-03-28T10:27:17.490898+00:00,ATM,TRANSFER,DEV_06AFB9EFA618,192.168.1.7,+916654813329,SES_0A3A4A80,dr5rw,,ACC_898,,,,0.05,[],normal,PENDING,False,False
TXN_B359ABA43AF0,ACC_738,ACC_297,1913.55,INR,2026-03-28T10:27:17.490933+00:00,MOBILE,TRANSFER,DEV_95F68F1FD865,192.168.1.20,+918846541508,SES_8E9298EA,dr5ru,,ACC_738,,,,0.05,[],normal,PENDING,False,False
TXN_56CF6B89D6BB,ACC_924,ACC_866,2688.85,INR,2026-03-28T10:27:17.490961+00:00,UPI,TRANSFER,DEV_5E88177AF541,192.168.1.107,+919332066825,SES_7E58C9E9,dr5rv,,ACC_924,,,,0.05,[],normal,PENDING,False,False
TXN_D5D147C0E431,ACC_467,ACC_682,399.48,INR,2026-03-28T10:27:17.490989+00:00,ATM,TRANSFER,DEV_D412F5A24F1F,192.168.1.110,+916855992686,SES_9AB376C8,dr5rw,,ACC_467,,,,0.05,[],normal,PENDING,False,False
TXN_3F4CF280241A,ACC_676,ACC_213,1451.41,INR,2026-03-28T10:27:17.491026+00:00,ATM,TRANSFER,DEV_F750A730FDEC,192.168.1.229,+916090491476,SES_C76D53AA,dr5rw,,ACC_676,,,,0.05,[],normal,PENDING,False,False
TXN_0B75515D7F99,ACC_751,ACC_437,567.82,INR,2026-03-28T10:27:17.491053+00:00,ATM,TRANSFER,DEV_6328804AEA72,192.168.1.16,+918181245271,SES_C86523E4,dr5rw,,ACC_751,,,,0.05,[],normal,PENDING,False,False
TXN_4F91CB8261FA,ACC_984,ACC_771,189.72,INR,2026-03-28T10:27:17.491079+00:00,WEB,TRANSFER,DEV_05962E5225C5,192.168.1.173,+917997050465,SES_D4EE6588,dr5rw,,ACC_984,,,,0.05,[],normal,PENDING,False,False
TXN_AF32C103AA00,ACC_568,ACC_340,3189.87,INR,2026-03-28T10:27:17.491112+00:00,WEB,TRANSFER,DEV_5B5E509FDBE6,192.168.1.109,+919810429855,SES_DCF92EAD,dr5ru,,ACC_568,,,,0.05,[],normal,PENDING,False,False
TXN_3E11C9A1B1D2,ACC_194,ACC_749,2889.51,INR,2026-03-28T10:27:17.491141+00:00,MOBILE,TRANSFER,DEV_C0A7C1917ED3,192.168.1.210,+917633915820,SES_598796F8,dr5rv,,ACC_194,,,,0.05,[],normal,PENDING,False,False
TXN_9956D0AA9199,ACC_975,ACC_462,1508.38,INR,2026-03-28T10:27:17.491173+00:00,WEB,TRANSFER,DEV_10DC1D112CF5,192.168.1.248,+917279142300,SES_0E473F4E,dr5ru,,ACC_975,,,,0.05,[],normal,PENDING,False,False
TXN_BE268DAC82F6,ACC_608,ACC_740,2182.24,INR,2026-03-28T10:27:17.491200+00:00,UPI,TRANSFER,DEV_5686BCD733E6,192.168.1.111,+919813290176,SES_9E280533,dr5rw,,ACC_608,,,,0.05,[],normal,PENDING,False,False
TXN_58BC7200C50F,ACC_744,ACC_397,3833.37,INR,2026-03-28T10:27:17.491226+00:00,WEB,TRANSFER,DEV_D80D8A8F9CF6,192.168.1.96,+919461256306,SES_3D5D6E48,dr5rv,,ACC_744,,,,0.05,[],normal,PENDING,False,False
TXN_1794F11D5D60,ACC_263,ACC_766,1719.37,INR,2026-03-28T10:27:17.491252+00:00,WEB,TRANSFER,DEV_C146D8A065D8,192.168.1.104,+918300741496,SES_308A9E4E,dr5ru,,ACC_263,,,,0.05,[],normal,PENDING,False,False
TXN_79C8413F6756,ACC_609,ACC_438,4761.21,INR,2026-03-28T10:27:17.491280+00:00,ATM,TRANSFER,DEV_4740CD64B4F3,192.168.1.209,+919518197974,SES_D52394DD,dr5rv,,ACC_609,,,,0.05,[],normal,PENDING,False,False
TXN_FAA67004CB93,ACC_173,ACC_553,1791.01,INR,2026-03-28T10:27:17.491324+00:00,MOBILE,TRANSFER,DEV_B46D09410D5D,192.168.1.237,+919043367847,SES_26E85926,dr5rw,,ACC_173,,,,0.05,[],normal,PENDING,False,False
TXN_BF815F765E74,ACC_542,ACC_615,1356.38,INR,2026-03-28T10:27:17.491408+00:00,ATM,TRANSFER,DEV_E6B037E4B095,192.168.1.184,+919648456909,SES_AB22BB48,dr5rv,,ACC_542,,,,0.05,[],normal,PENDING,False,False
TXN_6398E935EA42,ACC_664,ACC_519,2694.48,INR,2026-03-28T10:27:17.491448+00:00,ATM,TRANSFER,DEV_0FFD80C52104,192.168.1.132,+917823867045,SES_01C457A7,dr5rv,,ACC_664,,,,0.05,[],normal,PENDING,False,False
TXN_F170A5C9450A,ACC_864,ACC_669,1675.07,INR,2026-03-28T10:27:17.491478+00:00,ATM,TRANSFER,DEV_04F6999A1E81,192.168.1.140,+918351012840,SES_445C58AD,dr5rw,,ACC_864,,,,0.05,[],normal,PENDING,False,False
TXN_21DCF07CE719,ACC_141,ACC_436,2297.62,INR,2026-03-28T10:27:17.491506+00:00,MOBILE,TRANSFER,DEV_B70D17C031C1,192.168.1.158,+916343434387,SES_CD24F428,dr5rv,,ACC_141,,,,0.05,[],normal,PENDING,False,False
TXN_D0974F8D0F36,ACC_220,ACC_693,2319.12,INR,2026-03-28T10:27:17.491532+00:00,ATM,TRANSFER,DEV_415302F6B0A7,192.168.1.242,+919401575480,SES_E6E4D7B4,dr5ru,,ACC_220,,,,0.05,[],normal,PENDING,False,False
TXN_A80016C8703B,ACC_334,ACC_892,115.26,INR,2026-03-28T10:27:17.491566+00:00,WEB,TRANSFER,DEV_479AD7A20B7A,192.168.1.166,+916298971869,SES_FB6DAA43,dr5rv,,ACC_334,,,,0.05,[],normal,PENDING,False,False
TXN_B62FD88758C4,ACC_744,ACC_860,1272.99,INR,2026-03-28T10:27:17.491593+00:00,WEB,TRANSFER,DEV_C4841DBA74D4,192.168.1.218,+916638208786,SES_45A67FF1,dr5ru,,ACC_744,,,,0.05,[],normal,PENDING,False,False
TXN_B091D91F21A3,ACC_383,ACC_395,939.5,INR,2026-03-28T10:27:17.491620+00:00,MOBILE,TRANSFER,DEV_D5FE909799FC,192.168.1.142,+919702807580,SES_94EAB8EB,dr5rv,,ACC_383,,,,0.05,[],normal,PENDING,False,False
TXN_27A41C513F30,ACC_885,ACC_455,747.78,INR,2026-03-28T10:27:17.491653+00:00,MOBILE,TRANSFER,DEV_F67E30E9E4D4,192.168.1.68,+918165680050,SES_37685649,dr5ru,,ACC_885,,,,0.05,[],normal,PENDING,False,False
TXN_5FC4F68BAEF6,ACC_192,ACC_647,3845.75,INR,2026-03-28T10:27:17.491681+00:00,MOBILE,TRANSFER,DEV_AF7558B18F2B,192.168.1.219,+916313236217,SES_92F978A7,dr5rw,,ACC_192,,,,0.05,[],normal,PENDING,False,False
TXN_C0835320E87E,ACC_815,ACC_164,3352.84,INR,2026-03-28T10:27:17.491715+00:00,UPI,TRANSFER,DEV_AF6DFDCCD752,192.168.1.158,+917242364947,SES_34C76112,dr5ru,,ACC_815,,,,0.05,[],normal,PENDING,False,False
TXN_2AA4BF8F4FA8,ACC_484,ACC_536,3587.7,INR,2026-03-28T10:27:17.491745+00:00,UPI,TRANSFER,DEV_BB5B3237DAA6,192.168.1.66,+916035353770,SES_728D00D5,dr5ru,,ACC_484,,,,0.05,[],normal,PENDING,False,False
TXN_11784CF85165,ACC_157,ACC_174,4391.31,INR,2026-03-28T10:27:17.491789+00:00,UPI,TRANSFER,DEV_108198D54546,192.168.1.222,+918322591605,SES_E7D41EB0,dr5ru,,ACC_157,,,,0.05,[],normal,PENDING,False,False
TXN_3C46947A56E0,ACC_928,ACC_510,1783.26,INR,2026-03-28T10:27:17.491823+00:00,WEB,TRANSFER,DEV_29E111D4AB29,192.168.1.13,+916330786928,SES_6848C6A2,dr5rv,,ACC_928,,,,0.05,[],normal,PENDING,False,False
TXN_56994F74C525,ACC_486,ACC_198,479.87,INR,2026-03-28T10:27:17.491849+00:00,WEB,TRANSFER,DEV_03134295A69B,192.168.1.81,+918304393246,SES_5B09D38E,dr5ru,,ACC_486,,,,0.05,[],normal,PENDING,False,False
TXN_11A84F7C7E94,ACC_862,ACC_556,1391.53,INR,2026-03-28T10:27:17.491882+00:00,WEB,TRANSFER,DEV_86693B1874D6,192.168.1.47,+919292850922,SES_AF393B79,dr5rw,,ACC_862,,,,0.05,[],normal,PENDING,False,False
TXN_8F300EC2EB7D,ACC_157,ACC_548,4446.3,INR,2026-03-28T10:27:17.491909+00:00,UPI,TRANSFER,DEV_9ED2099C1634,192.168.1.121,+916667976711,SES_B98ED557,dr5rw,,ACC_157,,,,0.05,[],normal,PENDING,False,False
TXN_96243AB65A95,ACC_204,ACC_416,4412.67,INR,2026-03-28T10:27:17.491942+00:00,MOBILE,TRANSFER,DEV_37174ED4F822,192.168.1.117,+917230135980,SES_8539FC2A,dr5ru,,ACC_204,,,,0.05,[],normal,PENDING,False,False
TXN_5EC1F320D4FC,ACC_667,ACC_764,817.3,INR,2026-03-28T10:27:17.491970+00:00,WEB,TRANSFER,DEV_B190AFD99A34,192.168.1.72,+918482224433,SES_40D8C126,dr5ru,,ACC_667,,,,0.05,[],normal,PENDING,False,False
TXN_CE13E51E9DDA,ACC_974,ACC_585,2317.69,INR,2026-03-28T10:27:17.491995+00:00,ATM,TRANSFER,DEV_05B0EDD1BE51,192.168.1.215,+919353066554,SES_B62F7430,dr5rv,,ACC_974,,,,0.05,[],normal,PENDING,False,False
TXN_7732161394B8,ACC_950,ACC_321,2375.76,INR,2026-03-28T10:27:17.492030+00:00,UPI,TRANSFER,DEV_8EBD54127AAC,192.168.1.97,+916990195158,SES_AE4048C0,dr5rw,,ACC_950,,,,0.05,[],normal,PENDING,False,False
TXN_CCBC449697E3,ACC_986,ACC_508,1932.91,INR,2026-03-28T10:27:17.492058+00:00,WEB,TRANSFER,DEV_5A9CDCD510EF,192.168.1.38,+918079827007,SES_A75BB467,dr5rv,,ACC_986,,,,0.05,[],normal,PENDING,False,False
TXN_D40C6D60EA46,ACC_731,ACC_697,4097.22,INR,2026-03-28T10:27:17.492084+00:00,UPI,TRANSFER,DEV_26C81BEF861D,192.168.1.119,+918836210879,SES_C79E2E82,dr5rv,,ACC_731,,,,0.05,[],normal,PENDING,False,False
TXN_9B462216B880,ACC_804,ACC_749,4695.5,INR,2026-03-28T10:27:17.492111+00:00,WEB,TRANSFER,DEV_7724A9F8B4F4,192.168.1.122,+917543927567,SES_307E0FC3,dr5ru,,ACC_804,,,,0.05,[],normal,PENDING,False,False
TXN_451B87A9FEBE,ACC_940,ACC_630,3380.26,INR,2026-03-28T10:27:17.492137+00:00,MOBILE,TRANSFER,DEV_3164863F376E,192.168.1.73,+916422927309,SES_AADD53E3,dr5ru,,ACC_940,,,,0.05,[],normal,PENDING,False,False
TXN_856168686105,ACC_157,ACC_655,738.58,INR,2026-03-28T10:27:17.492190+00:00,WEB,TRANSFER,DEV_5F5C4105F0BC,192.168.1.194,+918470110300,SES_98669529,dr5ru,,ACC_157,,,,0.05,[],normal,PENDING,False,False
TXN_1F97F39313E1,ACC_160,ACC_218,336.67,INR,2026-03-28T10:27:17.492220+00:00,MOBILE,TRANSFER,DEV_AB0B3DC9367A,192.168.1.20,+918162253222,SES_30CEAABA,dr5rv,,ACC_160,,,,0.05,[],normal,PENDING,False,False
TXN_A7C29C100393,ACC_523,ACC_863,2061.9,INR,2026-03-28T10:27:17.492247+00:00,MOBILE,TRANSFER,DEV_3E4E60465406,192.168.1.248,+918116044985,SES_4F6AE06D,dr5rv,,ACC_523,,,,0.05,[],normal,PENDING,False,False
TXN_090F9869F56F,ACC_690,ACC_985,4585.73,INR,2026-03-28T10:27:17.492274+00:00,ATM,TRANSFER,DEV_CAA5589C0E89,192.168.1.254,+916978308820,SES_816F4B40,dr5rw,,ACC_690,,,,0.05,[],normal,PENDING,False,False
TXN_5E7ECDE082CE,ACC_225,ACC_122,4677.22,INR,2026-03-28T10:27:17.492300+00:00,UPI,TRANSFER,DEV_B0F337EF76D2,192.168.1.59,+918706578568,SES_DE48BBB0,dr5ru,,ACC_225,,,,0.05,[],normal,PENDING,False,False
TXN_26AF7E057303,ACC_563,ACC_153,1200.33,INR,2026-03-28T10:27:17.492335+00:00,UPI,TRANSFER,DEV_1E3AAADC756D,192.168.1.247,+917967932004,SES_9FA38A1C,dr5ru,,ACC_563,,,,0.05,[],normal,PENDING,False,False
TXN_4ADB89B9C9A8,ACC_864,ACC_863,483.97,INR,2026-03-28T10:27:17.492362+00:00,MOBILE,TRANSFER,DEV_6C4AA990A716,192.168.1.43,+917921756477,SES_B45087FA,dr5ru,,ACC_864,,,,0.05,[],normal,PENDING,False,False
TXN_AED6609A530D,ACC_734,ACC_799,2241.34,INR,2026-03-28T10:27:17.492388+00:00,MOBILE,TRANSFER,DEV_6B7812237E44,192.168.1.6,+918997456872,SES_35BD6E14,dr5ru,,ACC_734,,,,0.05,[],normal,PENDING,False,False
TXN_B70FF28A8A62,ACC_134,ACC_583,4565.77,INR,2026-03-28T10:27:17.492421+00:00,ATM,TRANSFER,DEV_85173C3632B6,192.168.1.123,+916728157760,SES_C0C4502A,dr5rw,,ACC_134,,,,0.05,[],normal,PENDING,False,False
TXN_98363529FFE1,ACC_453,ACC_699,3138.11,INR,2026-03-28T10:27:17.492448+00:00,WEB,TRANSFER,DEV_BF4E2D794850,192.168.1.165,+916582225013,SES_2B0937FF,dr5rv,,ACC_453,,,,0.05,[],normal,PENDING,False,False
TXN_7CAB2F053929,ACC_950,ACC_375,3385.17,INR,2026-03-28T10:27:17.492482+00:00,UPI,TRANSFER,DEV_57D137856557,192.168.1.75,+918872215533,SES_AD39E8A3,dr5ru,,ACC_950,,,,0.05,[],normal,PENDING,False,False
TXN_517EC1FEE864,ACC_132,ACC_333,4151.04,INR,2026-03-28T10:27:17.492508+00:00,ATM,TRANSFER,DEV_20A9A03D4170,192.168.1.151,+917317088800,SES_1E9D19AD,dr5ru,,ACC_132,,,,0.05,[],normal,PENDING,False,False
TXN_E5902105E88F,ACC_747,ACC_631,320.68,INR,2026-03-28T10:27:17.492563+00:00,ATM,TRANSFER,DEV_211776A9924F,192.168.1.122,+916387283048,SES_F45D438C,dr5rw,,ACC_747,,,,0.05,[],normal,PENDING,False,False
TXN_E62A0273B8DA,ACC_101,ACC_179,2405.37,INR,2026-03-28T10:27:17.492601+00:00,WEB,TRANSFER,DEV_DF93413A539C,192.168.1.154,+916523000487,SES_89BED85B,dr5rw,,ACC_101,,,,0.05,[],normal,PENDING,False,False
TXN_BB643E215269,ACC_254,ACC_330,4522.94,INR,2026-03-28T10:27:17.492630+00:00,UPI,TRANSFER,DEV_79B71CAAF2D0,192.168.1.49,+918728826561,SES_0D500732,dr5rv,,ACC_254,,,,0.05,[],normal,PENDING,False,False
TXN_A377812D0E17,ACC_604,ACC_533,4537.25,INR,2026-03-28T10:27:17.492675+00:00,WEB,TRANSFER,DEV_526FE1E68DD9,192.168.1.100,+918988049688,SES_4B83A414,dr5ru,,ACC_604,,,,0.05,[],normal,PENDING,False,False
TXN_8F23299D6ABF,ACC_946,ACC_242,2770.21,INR,2026-03-28T10:27:17.492715+00:00,WEB,TRANSFER,DEV_C0D6F0B0F6A4,192.168.1.124,+917598007682,SES_A3B74CEE,dr5ru,,ACC_946,,,,0.05,[],normal,PENDING,False,False
TXN_F646D38741DC,ACC_776,ACC_692,1974.07,INR,2026-03-28T10:27:17.492742+00:00,UPI,TRANSFER,DEV_87482876118E,192.168.1.51,+919403462222,SES_D81F4CE2,dr5rv,,ACC_776,,,,0.05,[],normal,PENDING,False,False
TXN_9B563C3F201F,ACC_334,ACC_454,4803.22,INR,2026-03-28T10:27:17.492768+00:00,MOBILE,TRANSFER,DEV_7E52A7B40DB6,192.168.1.186,+916074985706,SES_5C28EE37,dr5rw,,ACC_334,,,,0.05,[],normal,PENDING,False,False
TXN_7EAF870937B8,ACC_682,ACC_794,256.29,INR,2026-03-28T10:27:17.492802+00:00,ATM,TRANSFER,DEV_14C69C4968A4,192.168.1.212,+918727959317,SES_B0E2A520,dr5ru,,ACC_682,,,,0.05,[],normal,PENDING,False,False
TXN_01C0F260FB69,ACC_111,ACC_530,456.84,INR,2026-03-28T10:27:17.492835+00:00,UPI,TRANSFER,DEV_A605B2B6E886,192.168.1.125,+916310911315,SES_768D92C5,dr5rv,,ACC_111,,,,0.05,[],normal,PENDING,False,False
TXN_6D510D6F8491,ACC_643,ACC_995,431.85,INR,2026-03-28T10:27:17.492921+00:00,UPI,TRANSFER,DEV_CB0F619AFABF,192.168.1.15,+918188844700,SES_7F8F0A5A,dr5rw,,ACC_643,,,,0.05,[],normal,PENDING,False,False
TXN_F4F4A75A7F9E,ACC_139,ACC_279,3118.1,INR,2026-03-28T10:27:17.492960+00:00,MOBILE,TRANSFER,DEV_461D0554A99F,192.168.1.231,+917114321931,SES_B52A8A5E,dr5ru,,ACC_139,,,,0.05,[],normal,PENDING,False,False
TXN_A70196A2BE20,ACC_254,ACC_801,3246.18,INR,2026-03-28T10:27:17.492990+00:00,WEB,TRANSFER,DEV_50442461F807,192.168.1.222,+916694735075,SES_B4B29D91,dr5ru,,ACC_254,,,,0.05,[],normal,PENDING,False,False
TXN_3C27C1411530,ACC_177,ACC_379,2988.23,INR,2026-03-28T10:27:17.493027+00:00,ATM,TRANSFER,DEV_9A848138D1B5,192.168.1.85,+918526790166,SES_7E6B9DE2,dr5rv,,ACC_177,,,,0.05,[],normal,PENDING,False,False
TXN_5D5B50AA73E7,ACC_390,ACC_888,1700.71,INR,2026-03-28T10:27:17.493055+00:00,UPI,TRANSFER,DEV_44984BD67165,192.168.1.202,+917497495812,SES_8819F15B,dr5rw,,ACC_390,,,,0.05,[],normal,PENDING,False,False
TXN_6B91879FE51A,ACC_435,ACC_713,60000.0,INR,2026-03-28T10:27:17.493121+00:00,WEB,TRANSFER,DEV_ACCABD2FECCF,192.168.1.100,+917931649923,SES_FRAUD01,dr5ru,,ACC_435,FRAUD-FANOUT-01,9.5,1,0.95,['fan_out'],fanout_ring,PENDING,False,True
TXN_F2D67D305541,ACC_604,ACC_685,60000.0,INR,2026-03-28T10:27:17.493373+00:00,UPI,TRANSFER,DEV_ACCABD2FECCF,192.168.1.100,+917582463269,SES_FRAUD01,dr5ru,,ACC_604,FRAUD-FANOUT-01,9.5,1,0.95,['fan_out'],fanout_ring,PENDING,False,True
TXN_0C957A8DD81A,ACC_710,ACC_796,60000.0,INR,2026-03-28T10:27:17.493528+00:00,WEB,TRANSFER,DEV_ACCABD2FECCF,192.168.1.100,+918852715718,SES_FRAUD01,dr5ru,,ACC_710,FRAUD-FANOUT-01,9.5,1,0.95,['fan_out'],fanout_ring,PENDING,False,True
TXN_1648BC139396,ACC_253,ACC_100,60000.0,INR,2026-03-28T10:27:17.493645+00:00,ATM,TRANSFER,DEV_ACCABD2FECCF,192.168.1.100,+917035287759,SES_FRAUD01,dr5ru,,ACC_253,FRAUD-FANOUT-01,9.5,1,0.95,['fan_out'],fanout_ring,PENDING,False,True
TXN_73029642DBA7,ACC_107,ACC_728,60000.0,INR,2026-03-28T10:27:17.493761+00:00,MOBILE,TRANSFER,DEV_ACCABD2FECCF,192.168.1.100,+919097817305,SES_FRAUD01,dr5ru,,ACC_107,FRAUD-FANOUT-01,9.5,1,0.95,['fan_out'],fanout_ring,PENDING,False,True
TXN_7E3A3D9C2B4B,ACC_335,ACC_616,49900.0,INR,2026-03-28T10:27:17.493887+00:00,UPI,TRANSFER,DEV_9212865FA5B7,192.168.1.200,+917781526773,SES_STRUCT01,dr5rv,,ACC_335,FRAUD-STRUCT-01,6.0,1,0.88,['structuring'],structuring_pattern,PENDING,False,True
TXN_BC35DD073452,ACC_915,ACC_397,49750.0,INR,2026-03-28T10:27:17.493980+00:00,UPI,TRANSFER,DEV_9212865FA5B7,192.168.1.200,+917260711650,SES_STRUCT01,dr5rv,,ACC_915,FRAUD-STRUCT-01,6.0,1,0.88,['structuring'],structuring_pattern,PENDING,False,True
TXN_502089D08361,ACC_292,ACC_787,49800.0,INR,2026-03-28T10:27:17.494081+00:00,UPI,TRANSFER,DEV_9212865FA5B7,192.168.1.200,+919334956351,SES_STRUCT01,dr5rv,,ACC_292,FRAUD-STRUCT-01,6.0,1,0.88,['structuring'],structuring_pattern,PENDING,False,True
TXN_4CAEF3D1DE5C,ACC_570,ACC_183,49900.0,INR,2026-03-28T10:27:17.494190+00:00,UPI,TRANSFER,DEV_9212865FA5B7,192.168.1.200,+918838061908,SES_STRUCT01,dr5rv,,ACC_570,FRAUD-STRUCT-01,6.0,1,0.88,['structuring'],structuring_pattern,PENDING,False,True
TXN_8F72E43BA3EA,ACC_314,ACC_539,49900.0,INR,2026-03-28T10:27:17.494281+00:00,UPI,TRANSFER,DEV_9212865FA5B7,192.168.1.200,+916087327376,SES_STRUCT01,dr5rv,,ACC_314,FRAUD-STRUCT-01,6.0,1,0.88,['structuring'],structuring_pattern,PENDING,False,True
TXN_CE552B4677CD,ACC_160,ACC_279,75000.0,INR,2026-03-28T10:27:17.494476+00:00,MOBILE,TRANSFER,DEV_FF5EBA71A818,192.168.2.100,+916890445613,SES_LAYER_0,dr5rw,,ACC_160,FRAUD-LAYER-01,4.0,1,0.92,['layering'],layering_chain,PENDING,False,True
TXN_C6E7E7F4C09C,ACC_526,ACC_779,75000.0,INR,2026-03-28T10:27:17.494581+00:00,UPI,TRANSFER,DEV_FF5EBA71A818,192.168.2.100,+917062539249,SES_LAYER_0,dr5rw,,ACC_526,FRAUD-LAYER-01,4.0,1,0.92,['layering'],layering_chain,PENDING,False,True
TXN_C30A8930A973,ACC_273,ACC_611,75000.0,INR,2026-03-28T10:27:17.494646+00:00,UPI,TRANSFER,DEV_FF5EBA71A818,192.168.2.100,+916918858468,SES_LAYER_0,dr5rw,,ACC_273,FRAUD-LAYER-01,4.0,1,0.92,['layering'],layering_chain,PENDING,False,True
TXN_551C630D00B2,ACC_514,ACC_575,75000.0,INR,2026-03-28T10:27:17.494723+00:00,WEB,TRANSFER,DEV_FF5EBA71A818,192.168.2.100,+919801895358,SES_LAYER_0,dr5rw,,ACC_514,FRAUD-LAYER-01,4.0,1,0.92,['layering'],layering_chain,PENDING,False,True
TXN_07485F1B39D5,ACC_592,ACC_904,75000.0,INR,2026-03-28T10:27:17.494792+00:00,WEB,TRANSFER,DEV_FF5EBA71A818,192.168.2.100,+919436664082,SES_LAYER_0,dr5rw,,ACC_592,FRAUD-LAYER-01,4.0,1,0.92,['layering'],layering_chain,PENDING,False,True
TXN_BC2878428459,ACC_435,ACC_391,60000.0,INR,2026-03-28T10:27:18.493180+00:00,WEB,TRANSFER,DEV_ACCABD2FECCF,192.168.1.100,+919690077176,SES_FRAUD01,dr5ru,,ACC_435,FRAUD-FANOUT-01,9.5,1,0.95,['fan_out'],fanout_ring,PENDING,False,True
TXN_93E7C9907AD6,ACC_604,ACC_960,60000.0,INR,2026-03-28T10:27:18.493392+00:00,ATM,TRANSFER,DEV_ACCABD2FECCF,192.168.1.100,+918086159480,SES_FRAUD01,dr5ru,,ACC_604,FRAUD-FANOUT-01,9.5,1,0.95,['fan_out'],fanout_ring,PENDING,False,True
TXN_1A3829B87B9D,ACC_710,ACC_923,60000.0,INR,2026-03-28T10:27:18.493545+00:00,UPI,TRANSFER,DEV_ACCABD2FECCF,192.168.1.100,+916234082746,SES_FRAUD01,dr5ru,,ACC_710,FRAUD-FANOUT-01,9.5,1,0.95,['fan_out'],fanout_ring,PENDING,False,True
TXN_5329E3A7AC02,ACC_253,ACC_231,60000.0,INR,2026-03-28T10:27:18.493662+00:00,WEB,TRANSFER,DEV_ACCABD2FECCF,192.168.1.100,+916517233056,SES_FRAUD01,dr5ru,,ACC_253,FRAUD-FANOUT-01,9.5,1,0.95,['fan_out'],fanout_ring,PENDING,False,True
TXN_3960C2EF8B2F,ACC_107,ACC_945,60000.0,INR,2026-03-28T10:27:18.493784+00:00,ATM,TRANSFER,DEV_ACCABD2FECCF,192.168.1.100,+918818874066,SES_FRAUD01,dr5ru,,ACC_107,FRAUD-FANOUT-01,9.5,1,0.95,['fan_out'],fanout_ring,PENDING,False,True
TXN_2E36158E7C9B,ACC_435,ACC_772,60000.0,INR,2026-03-28T10:27:19.493228+00:00,WEB,TRANSFER,DEV_ACCABD2FECCF,192.168.1.100,+916828641222,SES_FRAUD01,dr5ru,,ACC_435,FRAUD-FANOUT-01,9.5,1,0.95,['fan_out'],fanout_ring,PENDING,False,True
TXN_A90D7FF85897,ACC_604,ACC_254,60000.0,INR,2026-03-28T10:27:19.493413+00:00,ATM,TRANSFER,DEV_ACCABD2FECCF,192.168.1.100,+917086664225,SES_FRAUD01,dr5ru,,ACC_604,FRAUD-FANOUT-01,9.5,1,0.95,['fan_out'],fanout_ring,PENDING,False,True
TXN_E432CAC80F0E,ACC_710,ACC_236,60000.0,INR,2026-03-28T10:27:19.493569+00:00,ATM,TRANSFER,DEV_ACCABD2FECCF,192.168.1.100,+916727192297,SES_FRAUD01,dr5ru,,ACC_710,FRAUD-FANOUT-01,9.5,1,0.95,['fan_out'],fanout_ring,PENDING,False,True
TXN_BBE755F3DA47,ACC_253,ACC_313,60000.0,INR,2026-03-28T10:27:19.493685+00:00,ATM,TRANSFER,DEV_ACCABD2FECCF,192.168.1.100,+919501115366,SES_FRAUD01,dr5ru,,ACC_253,FRAUD-FANOUT-01,9.5,1,0.95,['fan_out'],fanout_ring,PENDING,False,True
TXN_C77EFAAF49A3,ACC_107,ACC_101,60000.0,INR,2026-03-28T10:27:19.493800+00:00,MOBILE,TRANSFER,DEV_ACCABD2FECCF,192.168.1.100,+917882162369,SES_FRAUD01,dr5ru,,ACC_107,FRAUD-FANOUT-01,9.5,1,0.95,['fan_out'],fanout_ring,PENDING,False,True
TXN_8ABDC73F5C50,ACC_435,ACC_569,60000.0,INR,2026-03-28T10:27:20.493262+00:00,ATM,TRANSFER,DEV_ACCABD2FECCF,192.168.1.100,+919187530978,SES_FRAUD01,dr5ru,,ACC_435,FRAUD-FANOUT-01,9.5,1,0.95,['fan_out'],fanout_ring,PENDING,False,True
TXN_A6A9C0BFCE72,ACC_604,ACC_260,60000.0,INR,2026-03-28T10:27:20.493441+00:00,MOBILE,TRANSFER,DEV_ACCABD2FECCF,192.168.1.100,+918024414990,SES_FRAUD01,dr5ru,,ACC_604,FRAUD-FANOUT-01,9.5,1,0.95,['fan_out'],fanout_ring,PENDING,False,True
TXN_0E5993C8DF14,ACC_710,ACC_312,60000.0,INR,2026-03-28T10:27:20.493589+00:00,WEB,TRANSFER,DEV_ACCABD2FECCF,192.168.1.100,+918376358123,SES_FRAUD01,dr5ru,,ACC_710,FRAUD-FANOUT-01,9.5,1,0.95,['fan_out'],fanout_ring,PENDING,False,True
TXN_31989C72D765,ACC_253,ACC_641,60000.0,INR,2026-03-28T10:27:20.493702+00:00,UPI,TRANSFER,DEV_ACCABD2FECCF,192.168.1.100,+919737874449,SES_FRAUD01,dr5ru,,ACC_253,FRAUD-FANOUT-01,9.5,1,0.95,['fan_out'],fanout_ring,PENDING,False,True
TXN_7C6E67F297BB,ACC_107,ACC_169,60000.0,INR,2026-03-28T10:27:20.493816+00:00,WEB,TRANSFER,DEV_ACCABD2FECCF,192.168.1.100,+917568522016,SES_FRAUD01,dr5ru,,ACC_107,FRAUD-FANOUT-01,9.5,1,0.95,['fan_out'],fanout_ring,PENDING,False,True
TXN_D3C60EC04A59,ACC_435,ACC_450,60000.0,INR,2026-03-28T10:27:21.493307+00:00,ATM,TRANSFER,DEV_ACCABD2FECCF,192.168.1.100,+916665665455,SES_FRAUD01,dr5ru,,ACC_435,FRAUD-FANOUT-01,9.5,1,0.95,['fan_out'],fanout_ring,PENDING,False,True
TXN_C3CE0FAD9403,ACC_604,ACC_139,60000.0,INR,2026-03-28T10:27:21.493475+00:00,MOBILE,TRANSFER,DEV_ACCABD2FECCF,192.168.1.100,+916972514344,SES_FRAUD01,dr5ru,,ACC_604,FRAUD-FANOUT-01,9.5,1,0.95,['fan_out'],fanout_ring,PENDING,False,True
TXN_DDD063979B3A,ACC_710,ACC_703,60000.0,INR,2026-03-28T10:27:21.493607+00:00,UPI,TRANSFER,DEV_ACCABD2FECCF,192.168.1.100,+918514580650,SES_FRAUD01,dr5ru,,ACC_710,FRAUD-FANOUT-01,9.5,1,0.95,['fan_out'],fanout_ring,PENDING,False,True
TXN_38FEEB9B38D5,ACC_253,ACC_966,60000.0,INR,2026-03-28T10:27:21.493718+00:00,UPI,TRANSFER,DEV_ACCABD2FECCF,192.168.1.100,+916689140423,SES_FRAUD01,dr5ru,,ACC_253,FRAUD-FANOUT-01,9.5,1,0.95,['fan_out'],fanout_ring,PENDING,False,True
TXN_A8CD188F2D28,ACC_107,ACC_383,60000.0,INR,2026-03-28T10:27:21.493831+00:00,UPI,TRANSFER,DEV_ACCABD2FECCF,192.168.1.100,+918111099777,SES_FRAUD01,dr5ru,,ACC_107,FRAUD-FANOUT-01,9.5,1,0.95,['fan_out'],fanout_ring,PENDING,False,True
TXN_1B40941ED928,ACC_435,ACC_995,60000.0,INR,2026-03-28T10:27:22.493341+00:00,MOBILE,TRANSFER,DEV_ACCABD2FECCF,192.168.1.100,+919364804934,SES_FRAUD01,dr5ru,,ACC_435,FRAUD-FANOUT-01,9.5,1,0.95,['fan_out'],fanout_ring,PENDING,False,True
TXN_93B7C6A20961,ACC_604,ACC_390,60000.0,INR,2026-03-28T10:27:22.493498+00:00,ATM,TRANSFER,DEV_ACCABD2FECCF,192.168.1.100,+919180559982,SES_FRAUD01,dr5ru,,ACC_604,FRAUD-FANOUT-01,9.5,1,0.95,['fan_out'],fanout_ring,PENDING,False,True
TXN_20C8264FE2A5,ACC_710,ACC_641,60000.0,INR,2026-03-28T10:27:22.493624+00:00,ATM,TRANSFER,DEV_ACCABD2FECCF,192.168.1.100,+916869958743,SES_FRAUD01,dr5ru,,ACC_710,FRAUD-FANOUT-01,9.5,1,0.95,['fan_out'],fanout_ring,PENDING,False,True
TXN_10862ECE7A97,ACC_253,ACC_133,60000.0,INR,2026-03-28T10:27:22.493733+00:00,ATM,TRANSFER,DEV_ACCABD2FECCF,192.168.1.100,+917852937470,SES_FRAUD01,dr5ru,,ACC_253,FRAUD-FANOUT-01,9.5,1,0.95,['fan_out'],fanout_ring,PENDING,False,True
TXN_1A597F8C4962,ACC_107,ACC_946,60000.0,INR,2026-03-28T10:27:22.493847+00:00,MOBILE,TRANSFER,DEV_ACCABD2FECCF,192.168.1.100,+919293184206,SES_FRAUD01,dr5ru,,ACC_107,FRAUD-FANOUT-01,9.5,1,0.95,['fan_out'],fanout_ring,PENDING,False,True
TXN_47885AAEE186,ACC_335,ACC_875,49900.0,INR,2026-03-28T10:27:27.493908+00:00,UPI,TRANSFER,DEV_9212865FA5B7,192.168.1.200,+916162288504,SES_STRUCT01,dr5rv,,ACC_335,FRAUD-STRUCT-01,6.0,1,0.88,['structuring'],structuring_pattern,PENDING,False,True
TXN_0CDE25ECA23D,ACC_915,ACC_363,49750.0,INR,2026-03-28T10:27:27.494004+00:00,UPI,TRANSFER,DEV_9212865FA5B7,192.168.1.200,+919643838237,SES_STRUCT01,dr5rv,,ACC_915,FRAUD-STRUCT-01,6.0,1,0.88,['structuring'],structuring_pattern,PENDING,False,True
TXN_722CE349D88D,ACC_292,ACC_516,49800.0,INR,2026-03-28T10:27:27.494105+00:00,UPI,TRANSFER,DEV_9212865FA5B7,192.168.1.200,+917954287949,SES_STRUCT01,dr5rv,,ACC_292,FRAUD-STRUCT-01,6.0,1,0.88,['structuring'],structuring_pattern,PENDING,False,True
TXN_F1A3CF25BEC5,ACC_570,ACC_276,49750.0,INR,2026-03-28T10:27:27.494213+00:00,UPI,TRANSFER,DEV_9212865FA5B7,192.168.1.200,+917037534239,SES_STRUCT01,dr5rv,,ACC_570,FRAUD-STRUCT-01,6.0,1,0.88,['structuring'],structuring_pattern,PENDING,False,True
TXN_A339D7E33A35,ACC_314,ACC_528,49900.0,INR,2026-03-28T10:27:27.494304+00:00,UPI,TRANSFER,DEV_9212865FA5B7,192.168.1.200,+919905509136,SES_STRUCT01,dr5rv,,ACC_314,FRAUD-STRUCT-01,6.0,1,0.88,['structuring'],structuring_pattern,PENDING,False,True
TXN_9968D12606DC,ACC_279,ACC_967,74500.0,INR,2026-03-28T10:27:32.494518+00:00,UPI,TRANSFER,DEV_922BADBAF192,192.168.2.101,+918504187687,SES_LAYER_1,dr5rw,,ACC_279,FRAUD-LAYER-01,4.0,2,0.92,['layering'],layering_chain,PENDING,False,True
TXN_20B82B4C4255,ACC_779,ACC_702,74500.0,INR,2026-03-28T10:27:32.494602+00:00,WEB,TRANSFER,DEV_922BADBAF192,192.168.2.101,+919612498778,SES_LAYER_1,dr5rw,,ACC_779,FRAUD-LAYER-01,4.0,2,0.92,['layering'],layering_chain,PENDING,False,True
TXN_F663A7F7E701,ACC_611,ACC_955,74500.0,INR,2026-03-28T10:27:32.494665+00:00,UPI,TRANSFER,DEV_922BADBAF192,192.168.2.101,+916826125814,SES_LAYER_1,dr5rw,,ACC_611,FRAUD-LAYER-01,4.0,2,0.92,['layering'],layering_chain,PENDING,False,True
TXN_38FDFE07EFA0,ACC_575,ACC_966,74500.0,INR,2026-03-28T10:27:32.494743+00:00,UPI,TRANSFER,DEV_922BADBAF192,192.168.2.101,+917720278796,SES_LAYER_1,dr5rw,,ACC_575,FRAUD-LAYER-01,4.0,2,0.92,['layering'],layering_chain,PENDING,False,True
TXN_E9DD1C8546C1,ACC_904,ACC_656,74500.0,INR,2026-03-28T10:27:32.494833+00:00,WEB,TRANSFER,DEV_922BADBAF192,192.168.2.101,+917587240792,SES_LAYER_1,dr5rw,,ACC_904,FRAUD-LAYER-01,4.0,2,0.92,['layering'],layering_chain,PENDING,False,True
TXN_328419AE93D0,ACC_335,ACC_789,49800.0,INR,2026-03-28T10:27:37.493926+00:00,UPI,TRANSFER,DEV_9212865FA5B7,192.168.1.200,+916868854976,SES_STRUCT01,dr5rv,,ACC_335,FRAUD-STRUCT-01,6.0,1,0.88,['structuring'],structuring_pattern,PENDING,False,True
TXN_2FFFB0EB3BED,ACC_915,ACC_932,49800.0,INR,2026-03-28T10:27:37.494021+00:00,UPI,TRANSFER,DEV_9212865FA5B7,192.168.1.200,+918903740375,SES_STRUCT01,dr5rv,,ACC_915,FRAUD-STRUCT-01,6.0,1,0.88,['structuring'],structuring_pattern,PENDING,False,True
TXN_7F91E7D59831,ACC_292,ACC_284,49900.0,INR,2026-03-28T10:27:37.494137+00:00,UPI,TRANSFER,DEV_9212865FA5B7,192.168.1.200,+919702060653,SES_STRUCT01,dr5rv,,ACC_292,FRAUD-STRUCT-01,6.0,1,0.88,['structuring'],structuring_pattern,PENDING,False,True
TXN_057096F24747,ACC_570,ACC_950,49800.0,INR,2026-03-28T10:27:37.494229+00:00,UPI,TRANSFER,DEV_9212865FA5B7,192.168.1.200,+918328939149,SES_STRUCT01,dr5rv,,ACC_570,FRAUD-STRUCT-01,6.0,1,0.88,['structuring'],structuring_pattern,PENDING,False,True
TXN_FC5850C1F456,ACC_314,ACC_331,49750.0,INR,2026-03-28T10:27:37.494320+00:00,UPI,TRANSFER,DEV_9212865FA5B7,192.168.1.200,+916807091483,SES_STRUCT01,dr5rv,,ACC_314,FRAUD-STRUCT-01,6.0,1,0.88,['structuring'],structuring_pattern,PENDING,False,True
TXN_3B51FA46C1E9,ACC_335,ACC_331,49750.0,INR,2026-03-28T10:27:47.493942+00:00,UPI,TRANSFER,DEV_9212865FA5B7,192.168.1.200,+917802813910,SES_STRUCT01,dr5rv,,ACC_335,FRAUD-STRUCT-01,6.0,1,0.88,['structuring'],structuring_pattern,PENDING,False,True
TXN_27997EB72516,ACC_915,ACC_815,49750.0,INR,2026-03-28T10:27:47.494037+00:00,UPI,TRANSFER,DEV_9212865FA5B7,192.168.1.200,+918549232753,SES_STRUCT01,dr5rv,,ACC_915,FRAUD-STRUCT-01,6.0,1,0.88,['structuring'],structuring_pattern,PENDING,False,True
TXN_5D032D2680CC,ACC_292,ACC_394,49750.0,INR,2026-03-28T10:27:47.494153+00:00,UPI,TRANSFER,DEV_9212865FA5B7,192.168.1.200,+917164759258,SES_STRUCT01,dr5rv,,ACC_292,FRAUD-STRUCT-01,6.0,1,0.88,['structuring'],structuring_pattern,PENDING,False,True
TXN_B1A37A39547E,ACC_570,ACC_543,49750.0,INR,2026-03-28T10:27:47.494245+00:00,UPI,TRANSFER,DEV_9212865FA5B7,192.168.1.200,+918545765635,SES_STRUCT01,dr5rv,,ACC_570,FRAUD-STRUCT-01,6.0,1,0.88,['structuring'],structuring_pattern,PENDING,False,True
TXN_BC20C57C0603,ACC_314,ACC_594,49900.0,INR,2026-03-28T10:27:47.494336+00:00,UPI,TRANSFER,DEV_9212865FA5B7,192.168.1.200,+916478760740,SES_STRUCT01,dr5rv,,ACC_314,FRAUD-STRUCT-01,6.0,1,0.88,['structuring'],structuring_pattern,PENDING,False,True
TXN_8074C4B7A110,ACC_967,ACC_321,74000.0,INR,2026-03-28T10:27:47.494544+00:00,MOBILE,TRANSFER,DEV_6BDB18F83935,192.168.2.102,+919541657326,SES_LAYER_2,dr5rw,,ACC_967,FRAUD-LAYER-01,4.0,3,0.92,['layering'],layering_chain,PENDING,False,True
TXN_F89411401C54,ACC_702,ACC_432,74000.0,INR,2026-03-28T10:27:47.494622+00:00,UPI,TRANSFER,DEV_6BDB18F83935,192.168.2.102,+916765373009,SES_LAYER_2,dr5rw,,ACC_702,FRAUD-LAYER-01,4.0,3,0.92,['layering'],layering_chain,PENDING,False,True
TXN_4F17E5E354F9,ACC_955,ACC_482,74000.0,INR,2026-03-28T10:27:47.494691+00:00,UPI,TRANSFER,DEV_6BDB18F83935,192.168.2.102,+916142779358,SES_LAYER_2,dr5rw,,ACC_955,FRAUD-LAYER-01,4.0,3,0.92,['layering'],layering_chain,PENDING,False,True
TXN_AF5DDE0B4474,ACC_966,ACC_670,74000.0,INR,2026-03-28T10:27:47.494768+00:00,MOBILE,TRANSFER,DEV_6BDB18F83935,192.168.2.102,+917263431691,SES_LAYER_2,dr5rw,,ACC_966,FRAUD-LAYER-01,4.0,3,0.92,['layering'],layering_chain,PENDING,False,True
TXN_3C028B0B6FDD,ACC_656,ACC_715,74000.0,INR,2026-03-28T10:27:47.494881+00:00,MOBILE,TRANSFER,DEV_6BDB18F83935,192.168.2.102,+918713273428,SES_LAYER_2,dr5rw,,ACC_656,FRAUD-LAYER-01,4.0,3,0.92,['layering'],layering_chain,PENDING,False,True
TXN_C8FBDFB41583,ACC_335,ACC_987,49750.0,INR,2026-03-28T10:27:57.493958+00:00,UPI,TRANSFER,DEV_9212865FA5B7,192.168.1.200,+918875974396,SES_STRUCT01,dr5rv,,ACC_335,FRAUD-STRUCT-01,6.0,1,0.88,['structuring'],structuring_pattern,PENDING,False,True
TXN_E5182DB0389C,ACC_915,ACC_733,49800.0,INR,2026-03-28T10:27:57.494059+00:00,UPI,TRANSFER,DEV_9212865FA5B7,192.168.1.200,+917562793494,SES_STRUCT01,dr5rv,,ACC_915,FRAUD-STRUCT-01,6.0,1,0.88,['structuring'],structuring_pattern,PENDING,False,True
TXN_7EA03F6839C5,ACC_292,ACC_200,49800.0,INR,2026-03-28T10:27:57.494169+00:00,UPI,TRANSFER,DEV_9212865FA5B7,192.168.1.200,+916690361860,SES_STRUCT01,dr5rv,,ACC_292,FRAUD-STRUCT-01,6.0,1,0.88,['structuring'],structuring_pattern,PENDING,False,True
TXN_9649925D533A,ACC_570,ACC_891,49900.0,INR,2026-03-28T10:27:57.494261+00:00,UPI,TRANSFER,DEV_9212865FA5B7,192.168.1.200,+918497447937,SES_STRUCT01,dr5rv,,ACC_570,FRAUD-STRUCT-01,6.0,1,0.88,['structuring'],structuring_pattern,PENDING,False,True
TXN_6FB4669C953C,ACC_314,ACC_278,49900.0,INR,2026-03-28T10:27:57.494427+00:00,UPI,TRANSFER,DEV_9212865FA5B7,192.168.1.200,+919035045958,SES_STRUCT01,dr5rv,,ACC_314,FRAUD-STRUCT-01,6.0,1,0.88,['structuring'],structuring_pattern,PENDING,False,True
